VID, COMPANY
0001,FRY'S ELECTRONICS
0002,INGRAM
0003,CLUB MAC
0004,NEBRASKA FURNITURE MART
0011,UNKNOWN
001F,WALMART
0040,ANYWARE CORPORATION
0042,DMT
0053,PLANEX
0078,MICRONTEK
0079,DRAGONRISE INC.
0080,UNKNOWN
0085,BOEYE TECHNOLOGY CO. LTD.
0102,MINISTREAK
0105,TRUST INTERNATIONAL B.V.
0127,IBP
0145,UNKNOWN
017C,MLK
0200,TP-LINK
0204,CHIPSBANK MICROELECTRONICS CO. LTD
0218,HANGZHOU WORLDE
0231,SONUUS LIMITED
02AD,HUMAX CO. LTD.
0303,MINI AUTOMATION CONTROLLER
0324,OCZ TECHNOLOGY INC
0325,OCZ TECHNOLOGY INC
0386,LTS
03C3,ZWO
03D9,SHENZHEN SINOTE TECH-ELECTRON CO. LTD
03DA,BERND WALTER COMPUTER TECHNOLOGY
03E7,INTEL
03E8,ENDPOINTS INC.
03E9,THESYS MICROELECTRONICS
03EA,DATA BROADCASTING CORP.
03EB,ATMEL CORP.
03EC,IWATSU AMERICA INC.
03ED,MITEL CORP.
03EE,MITSUMI
03F0,HP INC
03F1,GENOA TECHNOLOGY
03F2,OAK TECHNOLOGY INC.
03F3,ADAPTEC INC.
03F4,DIEBOLD INC.
03F5,SIEMENS ELECTROMECHANICAL
03F8,EPSON IMAGING TECHNOLOGY CENTER
03F9,KEYTRONIC CORP.
03FB,OPTI INC.
03FC,ELITEGROUP COMPUTER SYSTEMS
03FD,XILINX INC.
03FE,FARALLON COMUNICATIONS
0400,NATIONAL SEMICONDUCTOR CORP.
0401,NATIONAL REGISTRY INC.
0402,ALI CORP.
0403,FUTURE TECHNOLOGY DEVICES INTERNATIONAL LTD
0404,NCR CORP.
0405,SYNOPSYS INC.
0406,FUJITSU-ICL COMPUTERS
0407,FUJITSU PERSONAL SYSTEMS INC.
0408,QUANTA COMPUTER INC.
0409,NEC CORP.
040A,KODAK CO.
040B,WELTREND SEMICONDUCTOR
040C,VTECH COMPUTERS LTD
040D,VIA TECHNOLOGIES INC.
040E,MCCI
040F,ECHO SPEECH CORP.
0411,BUFFALO INC. (FORMERLY MELCO. INC.)
0412,AWARD SOFTWARE INTERNATIONAL
0413,LEADTEK RESEARCH INC.
0414,GIGA-BYTE TECHNOLOGY CO. LTD
0416,WINBOND ELECTRONICS CORP.
0417,SYMBIOS LOGIC
0418,AST RESEARCH
0419,SAMSUNG INFO. SYSTEMS AMERICA INC.
041A,PHOENIX TECHNOLOGIES LTD
041B,D'TV
041D,S3 INC.
041E,CREATIVE TECHNOLOGY LTD
041F,LCS TELEGRAPHICS
0420,CHIPS AND TECHNOLOGIES
0421,NOKIA MOBILE PHONES
0422,ADI SYSTEMS INC.
0423,COMPUTER ACCESS TECHNOLOGY CORP.
0424,MICROCHIP TECHNOLOGY INC. (FORMERLY SMSC)
0425,MOTOROLA SEMICONDUCTORS HK LTD
0426,INTEGRATED DEVICE TECHNOLOGY INC.
0427,MOTOROLA ELECTRONICS TAIWAN LTD
0428,ADVANCED GRAVIS COMPUTER TECH LTD
0429,CIRRUS LOGIC
042A,ERICSSON AUSTRIAN AG
042B,INTEL CORP.
042C,INNOVATIVE SEMICONDUCTORS INC.
042D,MICRONICS
042E,ACER INC.
042F,MOLEX INC.
0430,FUJITSU COMPONENT LIMITED
0431,ITAC SYSTEMS INC.
0432,UNISYS CORP.
0433,ALPS ELECTRIC INC.
0434,SAMSUNG INFO. SYSTEMS AMERICA INC.
0435,HYUNDAI ELECTRONICS AMERICA
0436,TAUGAGREINING HF
0437,FRAMATOME CONNECTORS USA
0438,ADVANCED MICRO DEVICES INC.
0439,VOICE TECHNOLOGIES GROUP
043D,LEXMARK INTERNATIONAL INC.
043E,LG ELECTRONICS USA INC.
043F,RADISYS CORP.
0440,EIZO NANAO CORP.
0441,WINBOND SYSTEMS LAB.
0442,ERICSSON INC.
0443,GATEWAY INC.
0445,LUCENT TECHNOLOGIES INC.
0446,NMB TECHNOLOGIES CORP.
0447,MOMENTUM MICROSYSTEMS
0449,DUTA MULTI ROBOTIK
044A,SHAMROCK TECH. CO. LTD
044B,WSI
044C,CCL/ITRI
044D,SIEMENS NIXDORF AG
044E,ALPS ELECTRIC CO. LTD
044F,THRUSTMASTER INC.
0450,DFI INC.
0451,TEXAS INSTRUMENTS INC.
0452,MITSUBISHI ELECTRONICS AMERICA INC.
0453,CMD TECHNOLOGY
0454,VOBIS MICROCOMPUTER AG
0455,TELEMATICS INTERNATIONAL INC.
0456,ANALOG DEVICES INC.
0457,SILICON INTEGRATED SYSTEMS CORP.
0458,KYE SYSTEMS CORP. (MOUSE SYSTEMS)
0459,ADOBE SYSTEMS INC.
045A,SONICBLUE INC.
045B,HITACHI LTD
045D,NORTEL NETWORKS LTD
045E,MICROSOFT CORP.
0460,ACE CAD ENTERPRISE CO. LTD
0461,PRIMAX ELECTRONICS LTD
0463,MGE UPS SYSTEMS
0464,AMP/TYCOELECTRONICS CORP.
0467,AT&T PARADYNE
0468,WIESON TECHNOLOGIES CO. LTD
046A,CHERRY
046B,AMERICAN MEGATRENDS INC.
046C,TOSHIBA CORP. DIGITAL MEDIA EQUIPMENT
046D,LOGITECH INC.
046E,BEHAVIOR TECH. COMPUTER CORP.
046F,CRYSTAL SEMICONDUCTOR
0471,PHILIPS (OR NXP)
0472,CHICONY ELECTRONICS CO. LTD
0473,SANYO INFORMATION BUSINESS CO. LTD
0474,SANYO ELECTRIC CO. LTD
0475,RELISYS/TECO INFORMATION SYSTEM
0476,AESP
0477,SEAGATE TECHNOLOGY INC.
0478,CONNECTIX CORP.
0479,ADVANCED PERIPHERAL LABORATORIES
047A,SEMTECH CORP.
047B,SILITEK CORP.
047C,DELL COMPUTER CORP.
047D,KENSINGTON
047E,AGERE SYSTEMS INC. (LUCENT)
047F,PLANTRONICS INC.
0480,TOSHIBA AMERICA INC
0481,ZENITH DATA SYSTEMS
0482,KYOCERA CORP.
0483,STMICROELECTRONICS
0484,SPECIALIX
0485,NOKIA MONITORS
0486,ASUS COMPUTERS INC.
0487,STEWART CONNECTOR
0488,CIRQUE CORP.
0489,FOXCONN / HON HAI
048A,S-MOS SYSTEMS INC.
048C,ALPS ELECTRIC IRELAND LTD
048D,INTEGRATED TECHNOLOGY EXPRESS INC.
048F,EICON TECH.
0490,UNITED MICROELECTRONICS CORP.
0491,CAPETRONIC
0492,SAMSUNG SEMICONDUCTOR INC.
0493,MAG TECHNOLOGY CO. LTD
0495,ESS TECHNOLOGY INC.
0496,MICRON ELECTRONICS
0497,SMILE INTERNATIONAL
0498,CAPETRONIC (KAOHSIUNG) CORP.
0499,YAMAHA CORP.
049A,GANDALF TECHNOLOGIES LTD
049B,CURTIS COMPUTER PRODUCTS
049C,ACER ADVANCED LABS INC.
049D,VLSI TECHNOLOGY
049F,COMPAQ COMPUTER CORP.
04A0,DIGITAL EQUIPMENT CORP.
04A1,SYSTEMSOFT CORP.
04A2,FIREPOWER SYSTEMS
04A3,TRIDENT MICROSYSTEMS INC.
04A4,HITACHI LTD
04A5,ACER PERIPHERALS INC. (NOW BENQ CORP.)
04A6,NOKIA DISPLAY PRODUCTS
04A7,VISIONEER
04A8,MULTIVIDEO LABS INC.
04A9,CANON INC.
04AA,DAEWOO TELECOM LTD
04AB,CHROMATIC RESEARCH
04AC,MICRO AUDIOMETRICS CORP.
04AD,DOOIN ELECTRONICS
04AF,WINNOV L.P.
04B0,NIKON CORP.
04B1,PAN INTERNATIONAL
04B3,IBM CORP.
04B4,CYPRESS SEMICONDUCTOR CORP.
04B5,ROHM LSI SYSTEMS USA LLC
04B6,HINT CORP.
04B7,COMPAL ELECTRONICS INC.
04B8,SEIKO EPSON CORP.
04B9,RAINBOW TECHNOLOGIES INC.
04BA,TOUCAN SYSTEMS LTD
04BB,I-O DATA DEVICE INC.
04BD,TOSHIBA ELECTRONICS TAIWAN CORP.
04BE,TELIA RESEARCH AB
04BF,TDK CORP.
04C1,U.S. ROBOTICS (3COM)
04C2,METHODE ELECTRONICS FAR EAST PTE LTD
04C3,MAXI SWITCH INC.
04C4,LOCKHEED MARTIN ENERGY RESEARCH
04C5,FUJITSU LTD
04C6,TOSHIBA AMERICA ELECTRONIC COMPONENTS
04C7,MICRO MACRO TECHNOLOGIES
04C8,KONICA CORP.
04CA,LITE-ON TECHNOLOGY CORP.
04CB,FUJI PHOTO FILM CO. LTD
04CC,ST-ERICSSON
04CD,TATUNG CO. OF AMERICA
04CE,SCANLOGIC CORP.
04CF,MYSON CENTURY INC.
04D0,DIGI INTERNATIONAL
04D1,ITT CANON
04D2,ALTEC LANSING TECHNOLOGIES
04D3,VIDUS INC.
04D4,LSI LOGIC INC.
04D5,FORTE TECHNOLOGIES INC.
04D6,MENTOR GRAPHICS
04D7,OKI SEMICONDUCTOR
04D8,MICROCHIP TECHNOLOGY INC.
04D9,HOLTEK SEMICONDUCTOR INC.
04DA,PANASONIC (MATSUSHITA)
04DB,HYPERTEC PTY LTD
04DC,HUAN HSIN HOLDINGS LTD
04DD,SHARP CORP.
04DE,MINDSHARE INC.
04DF,INTERLINK ELECTRONICS
04E1,IIYAMA NORTH AMERICA INC.
04E2,EXAR CORP.
04E3,ZILOG INC.
04E4,ACC MICROELECTRONICS
04E5,PROMISE TECHNOLOGY
04E6,SCM MICROSYSTEMS INC.
04E7,ELO TOUCHSYSTEMS
04E8,SAMSUNG ELECTRONICS CO. LTD
04E9,PC-TEL INC.
04EA,BROOKTREE CORP.
04EB,NORTHSTAR SYSTEMS INC.
04EC,TOKYO ELECTRON DEVICE LTD
04ED,ANNABOOKS
04EF,PACIFIC ELECTRONIC INTERNATIONAL INC.
04F0,DAEWOO ELECTRONICS CO. LTD
04F1,VICTOR COMPANY OF JAPAN LTD
04F2,CHICONY ELECTRONICS CO. LTD
04F3,ELAN MICROELECTRONICS CORP.
04F4,HARTING ELEKTRONIK INC.
04F5,FUJITSU-ICL SYSTEMS INC.
04F6,NORAND CORP.
04F7,NEWNEX TECHNOLOGY CORP.
04F8,FUTUREPLUS SYSTEMS
04F9,BROTHER INDUSTRIES LTD
04FA,DALLAS SEMICONDUCTOR
04FB,BIOSTAR MICROTECH INTERNATIONAL CORP.
04FC,SUNPLUS TECHNOLOGY CO. LTD
04FD,SOLITON SYSTEMS K.K.
04FE,PFU LTD
04FF,E-CMOS CORP.
0500,SIAM UNITED HI-TECH
0501,FUJIKURA DDK LTD
0502,ACER INC.
0503,HITACHI AMERICA LTD
0504,HAYES MICROCOMPUTER PRODUCTS
0506,3COM CORP.
0507,HOSIDEN CORP.
0508,CLARION CO. LTD
0509,AZTECH SYSTEMS LTD
050A,CINCH CONNECTORS
050B,CABLE SYSTEM INTERNATIONAL
050C,INNOMEDIA INC.
050D,BELKIN COMPONENTS
050E,NEON TECHNOLOGY INC.
050F,KC TECHNOLOGY INC.
0510,SEJIN ELECTRON INC.
0511,N'ABLE (DATABOOK) TECHNOLOGIES INC.
0512,HUALON MICROELECTRONICS CORP.
0513,DIGITAL-X INC.
0514,FCI ELECTRONICS
0515,ACTC
0516,LONGWELL ELECTRONICS
0517,BUTTERFLY COMMUNICATIONS
0518,EZKEY CORP.
0519,STAR MICRONICS CO. LTD
051A,WYSE TECHNOLOGY
051B,SILICON GRAPHICS
051C,SHUTTLE INC.
051D,AMERICAN POWER CONVERSION
051E,SCIENTIFIC ATLANTA INC.
051F,IO SYSTEMS (ELITE ELECTRONICS) INC.
0520,TAIWAN SEMICONDUCTOR MANUFACTURING CO.
0521,AIRBORN CONNECTORS
0522,ADVANCED CONNECTEK INC.
0523,ATEN GMBH
0524,SOLA ELECTRONICS
0525,NETCHIP TECHNOLOGY INC.
0526,TEMIC MHS S.A.
0527,ALTRA
0528,ATI TECHNOLOGIES INC.
0529,ALADDIN KNOWLEDGE SYSTEMS
052A,CRESCENT HEART SOFTWARE
052B,TEKOM TECHNOLOGIES INC.
052C,CANON INFORMATION SYSTEMS INC.
052D,AVID ELECTRONICS CORP.
052E,STANDARD MICROSYSTEMS CORP.
052F,UNICORE SOFTWARE INC.
0530,AMERICAN MICROSYSTEMS INC.
0531,WACOM TECHNOLOGY CORP.
0532,SYSTECH CORP.
0533,ALCATEL MOBILE PHONES
0534,MOTOROLA INC.
0535,LIH TZU ELECTRIC CO. LTD
0536,HAND HELD PRODUCTS (WELCH ALLYN INC.)
0537,INVENTEC CORP.
0538,CALDERA INTERNATIONAL INC. (SCO)
0539,SHYH SHIUN TERMINALS CO. LTD
053A,PREHKEYTEC GMBH
053B,GLOBAL VILLAGE COMMUNICATION
053C,INSTITUT OF MICROELECTRONIC & MECHATRONIC SYSTEMS
053D,SILICON ARCHITECT
053E,MOBILITY ELECTRONICS
053F,SYNOPSYS INC.
0540,UNIACCESS AB
0541,SIRF TECHNOLOGY INC.
0543,VIEWSONIC CORP.
0544,CRISTIE ELECTRONICS LTD
0545,XIRLINK INC.
0546,POLAROID CORP.
0547,ANCHOR CHIPS INC.
0548,TYAN COMPUTER CORP.
0549,PIXERA CORP.
054A,FUJITSU MICROELECTRONICS INC.
054B,NEW MEDIA CORP.
054C,SONY CORP.
054D,TRY CORP.
054E,PROSIDE CORP.
054F,WYSE TECHNOLOGY TAIWAN
0550,FUJI XEROX CO. LTD
0551,COMPUTREND SYSTEMS INC.
0552,PHILIPS MONITORS
0553,STMICROELECTRONICS IMAGING DIVISION (VLSI VISION)
0554,DICTAPHONE CORP.
0555,ANAM S&T CO. LTD
0556,ASAHI KASEI MICROSYSTEMS CO. LTD
0557,ATEN INTERNATIONAL CO. LTD
0558,TRUEVISION INC.
0559,CADENCE DESIGN SYSTEMS INC.
055A,KENWOOD USA
055B,KNOWLEDGETEK INC.
055C,PROTON ELECTRONIC IND.
055D,SAMSUNG ELECTRO-MECHANICS CO.
055E,CTX OPTO-ELECTRONICS CORP.
055F,MUSTEK SYSTEMS INC.
0560,INTERFACE CORP.
0561,OASIS DESIGN INC.
0562,TELEX COMMUNICATIONS INC.
0563,IMMERSION CORP.
0564,KODAK DIGITAL PRODUCT CENTER JAPAN LTD. (FORMERLY CHINON INDUSTRIES INC.)
0565,PERACOM NETWORKS INC.
0566,MONTEREY INTERNATIONAL CORP.
0567,XYRATEX INTERNATIONAL LTD
0568,QUARTZ INGENIERIE
0569,SEGASOFT
056A,WACOM CO. LTD
056B,DECICON INC.
056C,ETEK LABS
056D,EIZO CORP.
056E,ELECOM CO. LTD
056F,KOREA DATA SYSTEMS CO. LTD
0570,EPSON AMERICA
0571,INTEREX INC.
0572,CONEXANT SYSTEMS (ROCKWELL) INC.
0573,ZORAN CO. PERSONAL MEDIA DIVISION (NOGATECH)
0574,CITY UNIVERSITY OF HONG KONG
0575,PHILIPS CREATIVE DISPLAY SOLUTIONS
0576,BAFO/QUALITY COMPUTER ACCESSORIES
0577,ELSA
0578,INTRINSIX CORP.
0579,GVC CORP.
057A,SAMSUNG ELECTRONICS AMERICA
057B,Y-E DATA INC.
057C,AVM GMBH
057D,SHARK MULTIMEDIA INC.
057E,NINTENDO CO. LTD
057F,QUICKSHOT LTD
0580,DENRON INC.
0581,RACAL DATA GROUP
0582,ROLAND CORP.
0583,PADIX CO. LTD (ROCKFIRE)
0584,RATOC SYSTEM INC.
0585,FLASHPOINT TECHNOLOGY INC.
0586,ZYXEL COMMUNICATIONS CORP.
0587,AMERICA KOTOBUKI ELECTRONICS INDUSTRIES INC.
0588,SAPIEN DESIGN
0589,VICTRON
058A,NOHAU CORP.
058B,INFINEON TECHNOLOGIES
058C,IN FOCUS SYSTEMS
058D,MICREL SEMICONDUCTOR
058E,TRIPATH TECHNOLOGY INC.
058F,ALCOR MICRO CORP.
0590,OMRON CORP.
0591,QUESTRA CONSULTING
0592,POWERWARE CORP.
0593,INCITE
0594,PRINCETON GRAPHIC SYSTEMS
0595,ZORAN MICROELECTRONICS LTD
0596,MICROTOUCH SYSTEMS INC.
0597,TRISIGNAL COMMUNICATIONS
0598,NIIGATA CANOTEC CO. INC.
0599,BRILLIANCE SEMICONDUCTOR INC.
059A,SPECTRUM SIGNAL PROCESSING INC.
059B,IOMEGA CORP.
059C,A-TREND TECHNOLOGY CO. LTD
059D,ADVANCED INPUT DEVICES
059E,INTELLIGENT INSTRUMENTATION
059F,LACIE LTD
05A0,VETRONIX CORP.
05A1,USC CORP.
05A2,FUJI FILM MICRODEVICES CO. LTD
05A3,ARC INTERNATIONAL
05A4,ORTEK TECHNOLOGY INC.
05A5,SAMPO TECHNOLOGY CORP.
05A6,CISCO SYSTEMS INC.
05A7,BOSE CORP.
05A8,SPACETEC IMC CORP.
05A9,OMNIVISION TECHNOLOGIES INC.
05AA,UTILUX SOUTH CHINA LTD
05AB,IN-SYSTEM DESIGN
05AC,APPLE INC.
05AD,Y.C. CABLE U.S.A. INC.
05AE,SYNOPSYS INC.
05AF,JING-MOLD ENTERPRISE CO. LTD
05B0,FOUNTAIN TECHNOLOGIES INC.
05B1,FIRST INTERNATIONAL COMPUTER INC.
05B4,LG SEMICON CO. LTD
05B5,DIALOGIC CORP.
05B6,PROXIMA CORP.
05B7,MEDIANIX SEMICONDUCTOR INC.
05B8,SYSGRATION
05B9,PHILIPS RESEARCH LABORATORIES
05BA,DIGITALPERSONA INC.
05BB,GREY CELL SYSTEMS
05BC,3G GREEN GREEN GLOBE CO. LTD
05BD,RAFI GMBH & CO. KG
05BE,TYCO ELECTRONICS (RAYCHEM)
05BF,S & S RESEARCH
05C0,KEIL SOFTWARE
05C1,KAWASAKI MICROELECTRONICS INC.
05C2,MEDIA PHONICS (SUISSE) S.A.
05C5,DIGI INTERNATIONAL INC.
05C6,QUALCOMM INC.
05C7,QTRONIX CORP.
05C8,CHENG UEI PRECISION INDUSTRY CO. LTD (FOXLINK)
05C9,SEMTECH CORP.
05CA,RICOH CO. LTD
05CB,POWERVISION TECHNOLOGIES INC.
05CC,ELSA AG
05CD,SILICOM LTD
05CE,SCI-WORX GMBH
05CF,SUNG FORN CO. LTD
05D0,GE MEDICAL SYSTEMS LUNAR
05D1,BRAINBOXES LTD
05D2,WAVE SYSTEMS CORP.
05D3,TOHOKU RICOH CO. LTD
05D5,SUPER GATE TECHNOLOGY CO. LTD
05D6,PHILIPS SEMICONDUCTORS CICT
05D7,THOMAS & BETTS CORP.
05D8,ULTIMA ELECTRONICS CORP.
05D9,AXIOHM TRANSACTION SOLUTIONS
05DA,MICROTEK INTERNATIONAL INC.
05DB,SUN CORP. (SUNTAC?)
05DC,LEXAR MEDIA INC.
05DD,DELTA ELECTRONICS INC.
05DF,SILICON VISION INC.
05E0,SYMBOL TECHNOLOGIES
05E1,SYNTEK SEMICONDUCTOR CO. LTD
05E2,ELECVISION INC.
05E3,GENESYS LOGIC INC.
05E4,RED WING CORP.
05E5,FUJI ELECTRIC CO. LTD
05E6,KEITHLEY INSTRUMENTS
05E8,ICC INC.
05E9,KAWASAKI LSI
05EB,FFC LTD
05EC,COM21 INC.
05EE,CYTECHINFO INC.
05EF,AVB INC. [ANKO?]
05F0,CANOPUS CO. LTD
05F1,COMPASS COMMUNICATIONS
05F2,DEXIN CORP. LTD
05F3,PI ENGINEERING INC.
05F5,UNIXTAR TECHNOLOGY INC.
05F6,AOC INTERNATIONAL
05F7,RFC DISTRIBUTION(S) PTE LTD
05F9,PSC SCANNING INC.
05FA,SIEMENS TELECOMMUNICATIONS SYSTEMS LTD
05FC,HARMAN
05FD,INTERACT INC.
05FE,CHIC TECHNOLOGY CORP.
05FF,LECROY CORP.
0600,BARCO DISPLAY SYSTEMS
0601,JAZZ HIPSTER CORP.
0602,VISTA IMAGING INC.
0603,NOVATEK MICROELECTRONICS CORP.
0604,JEAN CO. LTD
0605,ANCHOR C&C CO. LTD
0606,ROYAL INFORMATION ELECTRONICS CO. LTD
0607,BRIDGE INFORMATION CO. LTD
0608,GENRAD ADS
0609,SMK MANUFACTURING INC.
060A,WORTHINGTON DATA SOLUTIONS INC.
060B,SOLID YEAR
060C,EEH DATALINK GMBH
060D,AUCTOR CORP.
060E,TRANSMONDE TECHNOLOGIES INC.
060F,JOINSOON ELECTRONICS MFG. CO. LTD
0610,COSTAR ELECTRONICS INC.
0611,TOTOKU ELECTRIC CO. LTD
0613,TRANSACT TECHNOLOGIES INC.
0614,BIO-RAD LABORATORIES
0615,QUABBIN WIRE & CABLE CO. INC.
0616,FUTURE TECHNO DESIGNS PVT LTD
0617,SWISS FEDERAL INSITUTE OF TECHNOLOGY
0618,MACALLY
0619,SEIKO INSTRUMENTS INC.
061A,VERIDICOM INTERNATIONAL INC.
061B,PROMPTUS COMMUNICATIONS INC.
061C,ACT LABS LTD
061D,QUATECH INC.
061E,NISSEI ELECTRIC CO.
0620,ALARIS INC.
0621,ODU-STECKVERBINDUNGSSYSTEME GMBH & CO. KG
0622,IOTECH INC.
0623,LITTELFUSE INC.
0624,AVOCENT CORP.
0625,TIMEDIA TECHNOLOGY CO. LTD
0626,NIPPON SYSTEMS DEVELOPMENT CO. LTD
0627,ADOMAX TECHNOLOGY CO. LTD
0628,TASKING SOFTWARE INC.
0629,ZIDA TECHNOLOGIES LTD
062A,MOSART SEMICONDUCTOR CORP.
062B,GREATLINK ELECTRONICS TAIWAN LTD
062C,INSTITUTE FOR INFORMATION INDUSTRY
062D,TAIWAN TAI-HAO ENTERPRISES CO. LTD
062E,MAINSUPER ENTERPRISES CO. LTD
062F,SIN SHENG TERMINAL & MACHINE INC.
0631,JUJO ELECTRONICS CORP.
0633,CYRIX CORP.
0634,MICRON TECHNOLOGY INC.
0635,METHODE ELECTRONICS INC.
0636,SIERRA IMAGING INC.
0638,AVISION INC.
0639,CHRONTEL INC.
063A,TECHWIN CORP.
063B,TAUGAGREINING HF
063C,YAMAICHI ELECTRONICS CO. LTD (SAKURA)
063D,FONG KAI INDUSTRIAL CO. LTD
063E,REALMEDIA TECHNOLOGY INC.
063F,NEW TECHNOLOGY CABLE LTD
0640,HITEX DEVELOPMENT TOOLS
0641,WOODS INDUSTRIES INC.
0642,VIA MEDICAL CORP.
0644,TEAC CORP.
0645,WHO? VISION SYSTEMS INC.
0646,UMAX
0647,ACTON RESEARCH CORP.
0648,INSIDE OUT NETWORKS
0649,WELI SCIENCE CO. LTD
064B,ANALOG DEVICES INC. (WHITE MOUNTAIN DSP)
064C,JI-HAW INDUSTRIAL CO. LTD
064D,TRITECH MICROELECTRONICS LTD
064E,SUYIN CORP.
064F,WIBU-SYSTEMS AG
0650,DYNAPRO SYSTEMS
0651,LIKOM TECHNOLOGY SDN. BHD.
0652,STARGATE SOLUTIONS INC.
0653,CNF INC.
0654,GRANITE MICROSYSTEMS INC.
0655,SPACE SHUTTLE HI-TECH CO. LTD
0656,GLORY MARK ELECTRONIC LTD
0657,TEKCON ELECTRONICS CORP.
0658,SIGMA DESIGNS INC.
0659,AETHRA
065A,OPTOELECTRONICS CO. LTD
065B,TRACEWELL SYSTEMS
065E,SILICON GRAPHICS
065F,GOOD WAY TECHNOLOGY CO. LTD & GWC TECHNOLOGY INC.
0660,TSAY-E (BVI) INTERNATIONAL INC.
0661,HAMAMATSU PHOTONICS K.K.
0662,KANSAI ELECTRIC CO. LTD
0663,TOPMAX ELECTRONIC CO. LTD
0664,ET&T TECHNOLOGY CO. LTD.
0665,CYPRESS SEMICONDUCTOR
0667,AIWA CO. LTD
0668,WORDWAND
0669,OCE' PRINTING SYSTEMS GMBH
066A,TOTAL TECHNOLOGIES LTD
066B,LINKSYS INC.
066D,ENTREGA INC.
066E,ACER SEMICONDUCTOR AMERICA INC.
066F,SIGMATEL INC.
0670,SEQUEL IMAGING
0672,LABTEC INC.
0673,HCL
0674,KEY MOUSE ELECTRONIC ENTERPRISE CO. LTD
0675,DRAYTEK CORP.
0676,TELES AG
0677,AIWA CO. LTD
0678,ACARD TECHNOLOGY CORP.
067B,PROLIFIC TECHNOLOGY INC.
067C,EFFICIENT NETWORKS INC.
067D,HOHNER CORP.
067E,INTERMEC TECHNOLOGIES CORP.
067F,VIRATA LTD
0680,REALTEK SEMICONDUCTOR CORP. CPP DIV. (AVANCE LOGIC)
0681,SIEMENS INFORMATION AND COMMUNICATION PRODUCTS
0682,VICTOR COMPANY OF JAPAN LTD
0684,ACTIONTEC ELECTRONICS INC.
0685,ZD INCORPORATED
0686,MINOLTA CO. LTD
068A,PERTECH INC.
068B,POTRANS INTERNATIONAL INC.
068E,CH PRODUCTS INC.
068F,NIHON KOHDEN
0690,GOLDEN BRIDGE ELECTECH INC.
0693,HAGIWARA SYS-COM CO. LTD
0694,LEGO GROUP
0698,CHUNTEX (CTX)
0699,TEKTRONIX INC.
069A,ASKEY COMPUTER CORP.
069B,THOMSON INC.
069D,HUGHES NETWORK SYSTEMS (HNS)
069E,WELCAT INC.
069F,ALLIED DATA TECHNOLOGIES BV
06A2,TOPRO TECHNOLOGY INC.
06A3,SAITEK PLC
06A4,XIAMEN DOOWELL ELECTRON CO. LTD
06A5,DIVIO
06A7,MICROSTORE INC.
06A8,TOPAZ SYSTEMS INC.
06A9,WESTELL
06AA,SYSGRATION LTD
06AC,FUJITSU LABORATORIES OF AMERICA INC.
06AD,GREATLAND ELECTRONICS TAIWAN LTD
06AE,PROFESSIONAL MULTIMEDIA TESTING CENTRE
06AF,HARTING INC. OF NORTH AMERICA
06B8,PIXELA CORP.
06B9,ALCATEL TELECOM
06BA,SMOOTH CORD & CONNECTOR CO. LTD
06BB,EDA INC.
06BC,OKI DATA CORP.
06BD,AGFA-GEVAERT NV
06BE,AME OPTIMEDIA TECHNOLOGY CO. LTD
06BF,LEOCO CORP.
06C2,PHIDGETS INC. (FORMERLY GLAB)
06C4,BIZLINK INTERNATIONAL CORP.
06C5,HAGENUK GMBH
06C6,INFOWAVE SOFTWARE INC.
06C8,SIIG INC.
06C9,TAXAN (EUROPE) LTD
06CA,NEWER TECHNOLOGY INC.
06CB,SYNAPTICS INC.
06CC,TERAYON COMMUNICATION SYSTEMS
06CD,KEYSPAN
06CE,CONTEC
06CF,SPHERONVR AG
06D0,LAPLINK INC.
06D1,DAEWOO ELECTRONICS CO. LTD
06D3,MITSUBISHI ELECTRIC CORP.
06D4,CISCO SYSTEMS
06D5,TOSHIBA
06D6,AASHIMA TECHNOLOGY B.V.
06D7,NETWORK COMPUTING DEVICES (NCD)
06D8,TECHNICAL MARKETING RESEARCH INC.
06DA,PHOENIXTEC POWER CO. LTD
06DB,PARADYNE
06DC,FOXLINK IMAGE TECHNOLOGY CO. LTD
06DE,HEISEI ELECTRONICS CO. LTD
06E0,MULTI-TECH SYSTEMS INC.
06E1,ADS TECHNOLOGIES INC.
06E4,ALCATEL MICROELECTRONICS
06E6,TIGER JET NETWORK INC.
06EA,SIRIUS TECHNOLOGIES
06EB,PC EXPERT TECH. CO. LTD
06EF,I.A.C. GEOMETRISCHE INGENIEURS B.V.
06F0,T.N.C INDUSTRIAL CO. LTD
06F1,OPCODE SYSTEMS INC.
06F2,EMINE TECHNOLOGY CO.
06F6,WINTREND TECHNOLOGY CO. LTD
06F7,WAILLY TECHNOLOGY LTD
06F8,GUILLEMOT CORP.
06F9,ASYST ELECTRONIC D.O.O.
06FA,HSD S.R.L
06FC,MOTOROLA SEMICONDUCTOR PRODUCTS SECTOR
06FD,BOSTON ACOUSTICS
06FE,GALLANT COMPUTER INC.
0701,SUPERCOMAL WIRE & CABLE SDN. BHD.
0703,BVTECH INDUSTRY INC.
0705,NKK CORP.
0706,ARIEL CORP.
0707,STANDARD MICROSYSTEMS CORP.
0708,PUTERCOM CO. LTD
0709,SILICON SYSTEMS LTD (SSL)
070A,OKI ELECTRIC INDUSTRY CO. LTD
070D,COMOSS ELECTRONIC CO. LTD
070E,EXCEL CELL ELECTRONIC CO. LTD
0710,CONNECT TECH INC.
0711,MAGIC CONTROL TECHNOLOGY CORP.
0713,INTERVAL RESEARCH CORP.
0714,NEWMOTION INC.
0717,ZNK CORP.
0718,IMATION CORP.
0719,TREMON ENTERPRISES CO. LTD
071B,DOMAIN TECHNOLOGIES INC.
071C,XIONICS DOCUMENT TECHNOLOGIES INC.
071D,EICON NETWORKS CORP.
071E,ARISTON TECHNOLOGIES
0720,KEYENCE CORP.
0723,CENTILLIUM COMMUNICATIONS CORP.
0726,VANGUARD INTERNATIONAL SEMICONDUCTOR-AMERICA
0729,AMITM
072E,SUNIX CO. LTD
072F,ADVANCED CARD SYSTEMS LTD
0731,SUSTEEN INC.
0732,GOLDFULL ELECTRONICS & TELECOMMUNICATIONS CORP.
0733,VIEWQUEST TECHNOLOGIES INC.
0734,LASAT COMMUNICATIONS A/S
0735,ASUSCOM NETWORK
0736,LOROM INDUSTRIAL CO. LTD
0738,MAD CATZ INC.
073A,CHAPLET SYSTEMS INC.
073B,SUNCOM TECHNOLOGIES
073C,INDUSTRIAL ELECTRONIC ENGINEERS INC.
073D,EUTRON S.P.A.
073E,NEC INC.
0742,STOLLMANN
0745,SYNTECH INFORMATION CO. LTD
0746,ONKYO CORP.
0747,LABWAY CORP.
0748,STRONG MAN ENTERPRISE CO. LTD
0749,EVER ELECTRONICS CORP.
074A,MING FORTUNE INDUSTRY CO. LTD
074B,POLESTAR TECH. CORP.
074C,C-C-C GROUP PLC
074D,MICRONAS GMBH
074E,DIGITAL STREAM CORP.
0755,AUREAL SEMICONDUCTOR
0757,NETWORK TECHNOLOGIES INC.
0758,CARL ZEISS MICROSCOPY GMBH
075B,SOPHISTICATED CIRCUITS INC.
0763,M-AUDIO
0764,CYBER POWER SYSTEM INC.
0765,X-RITE INC.
0766,JESS-LINK PRODUCTS CO. LTD
0767,TOKHEIM CORP.
0768,CAMTEL TECHNOLOGY CORP.
0769,SURECOM TECHNOLOGY CORP.
076A,SMART TECHNOLOGY ENABLERS INC.
076B,OMNIKEY AG
076C,PARTNER TECH
076D,DENSO CORP.
076E,KUAN TECH ENTERPRISE CO. LTD
076F,JHEN VEI ELECTRONIC CO. LTD
0770,WELCH ALLYN INC - MEDICAL DIVISION
0771,OBSERVATOR INSTRUMENTS BV
0772,YOUR DATA OUR CARE
0774,AMTRAN TECHNOLOGY CO. LTD
0775,LONGSHINE ELECTRONICS CORP.
0776,INALWAYS CORP.
0777,COMDA ENTERPRISE CORP.
0778,VOLEX INC.
0779,ON SEMICONDUCTOR (FORMERLY FAIRCHILD)
077A,SANKYO SEIKI MFG. CO. LTD
077B,LINKSYS
077C,FORWARD ELECTRONICS CO. LTD
077D,GRIFFIN TECHNOLOGY
077E,SOFTING AG
077F,WELL EXCELLENT & MOST CORP.
0780,SAGEM MONETEL GMBH
0781,SANDISK CORP.
0782,TRACKERBALL
0783,C3PO
0784,VIVITAR INC.
0785,NTT-ME
0789,LOGITEC CORP.
078B,HAPP CONTROLS INC.
078C,GTCO/CALCOMP
078E,BRINCOM INC.
0790,PRO-IMAGE MANUFACTURING CO. LTD
0791,COPARTNER WIRE AND CABLE MFG. CORP.
0792,AXIS COMMUNICATIONS AB
0793,WHA YU INDUSTRIAL CO. LTD
0794,ABL ELECTRONICS CORP.
0795,REALCHIP INC.
0796,CERTICOM CORP.
0797,GRANDTECH SEMICONDUCTOR CORP.
0798,OPTELEC
0799,ALTERA
079B,SAGEM
079D,ALFADATA COMPUTER CORP.
07A1,DIGICOM S.P.A.
07A2,NATIONAL TECHNICAL SYSTEMS
07A3,ONNTO CORP.
07A4,BE INC.
07A6,ADMTEK INC.
07AA,COREGA K.K.
07AB,FREECOM TECHNOLOGIES
07AF,MICROTECH
07B0,TRUST TECHNOLOGIES
07B1,IMP INC.
07B2,MOTOROLA BCS INC.
07B3,PLUSTEK INC.
07B4,OLYMPUS OPTICAL CO. LTD
07B5,MEGA WORLD INTERNATIONAL LTD
07B6,MARUBUN CORP.
07B7,TIME INTERCONNECT LTD
07B8,ABOCOM SYSTEMS INC
07BC,CANON COMPUTER SYSTEMS INC.
07BD,WEBGEAR INC.
07BE,VERIDICOM
07C0,CODE MERCENARIES HARD- UND SOFTWARE GMBH
07C1,KEISOKUGIKEN
07C4,DATAFAB SYSTEMS INC.
07C5,APG CASH DRAWER
07C6,SHAREWAVE INC.
07C7,POWERTECH INDUSTRIAL CO. LTD
07C8,B.U.G. INC.
07C9,ALLIED TELESYN INTERNATIONAL
07CA,AVERMEDIA TECHNOLOGIES INC.
07CB,KINGMAX TECHNOLOGY INC.
07CC,CARRY COMPUTER ENG. CO. LTD
07CD,ELEKTOR
07CE,NIDEC COPAL
07CF,CASIO COMPUTER CO. LTD
07D0,DAZZLE
07D1,D-LINK SYSTEM
07D2,APTIO PRODUCTS INC.
07D3,CYBERDATA CORP.
07D5,RADIANT SYSTEMS
07D7,GCC TECHNOLOGIES INC.
07DA,ARASAN CHIP SYSTEMS
07DE,DIAMOND MULTIMEDIA
07DF,DAVID ELECTRONICS CO. LTD
07E0,NCP ENGINEERING GMBH
07E1,AMBIENT TECHNOLOGIES INC.
07E2,ELMEG GMBH & CO. LTD
07E3,PLANEX COMMUNICATIONS INC.
07E4,MOVADO ENTERPRISE CO. LTD
07E5,QPS INC.
07E6,ALLIED CABLE CORP.
07E7,MIRVO TOYS INC.
07E8,LABSYSTEMS
07EA,IWATSU ELECTRIC CO. LTD
07EB,DOUBLE-H TECHNOLOGY CO. LTD
07EC,TAIYO ELECTRIC WIRE & CABLE CO. LTD
07EE,TOREX RETAIL (FORMERLY LOGWARE)
07EF,STSN
07F2,MICROCOMPUTER APPLICATIONS INC.
07F6,CIRCUIT ASSEMBLY CORP.
07F7,CENTURY CORP.
07F9,DOTOP TECHNOLOGY INC.
07FA,DRAYTEK CORP.
07FC,THOMANN
07FD,MARK OF THE UNICORN
07FF,UNKNOWN
0801,MAGTEK
0802,MAKO TECHNOLOGIES LLC
0803,ZOOM TELEPHONICS INC.
0809,GENICOM TECHNOLOGY INC.
080A,EVERMUCH TECHNOLOGY CO. LTD
080B,CROSS MATCH TECHNOLOGIES
080C,DATALOGIC S.P.A.
080D,TECO IMAGE SYSTEMS CO. LTD
0810,PERSONAL COMMUNICATION SYSTEMS INC.
0813,MATTEL INC.
0819,ELICENSER
081A,MG LOGIC
081B,INDIGITA CORP.
081C,MIPSYS
081E,ALPHASMART INC.
081F,MANTA
0822,REUDO CORP.
0825,GC PROTRONICS
0826,DATA TRANSIT
0827,BROADLOGIC INC.
0828,SATO CORP.
0829,DIRECTV BROADBAND INC. (TELOCITY)
082D,HANDSPRING
0830,PALM INC.
0832,KOUWELL ELECTRONICS CORP.
0833,SOURCENEXT CORP.
0835,ACTION STAR ENTERPRISE CO. LTD
0836,TREKSTOR
0839,SAMSUNG TECHWIN CO. LTD
083A,ACCTON TECHNOLOGY CORP.
083F,GLOBAL VILLAGE
0840,ARGOSY RESEARCH INC.
0841,RIOPORT.COM INC.
0844,WELLAND INDUSTRIAL CO. LTD
0846,NETGEAR INC.
084D,MINTON OPTIC INDUSTRY CO. INC.
084E,KB GEAR
084F,EMPEG
0850,FAST POINT TECHNOLOGIES INC.
0851,MACRONIX INTERNATIONAL CO. LTD
0852,CSEM
0853,TOPRE CORPORATION
0854,ACTIVEWIRE INC.
0856,B&B ELECTRONICS
0858,HITACHI MAXELL LTD
0859,MINOLTA SYSTEMS LABORATORY INC.
085A,XIRCOM
085C,COLORVISION INC.
0862,TELETROL SYSTEMS INC.
0863,FILANET CORP.
0864,NETGEAR INC.
0867,DATA TRANSLATION INC.
086A,EMAGIC SOFT- UND HARDWARE GMBH
086C,DETEWE - DEUTSCHE TELEPHONWERKE AG & CO.
086E,SYSTEM TALKS INC.
086F,MEC IMEX INC.
0870,METRICOM
0871,SANDISK INC.
0873,XPEED INC.
0874,A-TEC SUBSYSTEM INC.
0879,COMTROL CORP.
087C,ADESSO/KBTEK AMERICA INC.
087D,JATON CORP.
087E,FUJITSU COMPUTER PRODUCTS OF AMERICA
087F,QUALCORE LOGIC INC.
0880,APT TECHNOLOGIES INC.
0883,RECORDING INDUSTRY ASSOCIATION OF AMERICA (RIAA)
0885,BOCA RESEARCH INC.
0886,XAC AUTOMATION CORP.
0887,HANNSTAR ELECTRONICS CORP.
088A,TECHTOOLS
088B,MASSWORKS INC.
088C,SWECOIN AB
088E,ILOK
0892,DIOGRAPHY INC.
0894,TSI INCORPORATED
0897,LAUTERBACH
089C,UNITED TECHNOLOGIES RESEARCH CNTR.
089D,ICRON TECHNOLOGIES CORP.
089E,NST CO. LTD
089F,PRIMEX AEROSPACE CO.
08A5,E9 INC.
08A6,TOSHIBA TEC
08A8,ANDREA ELECTRONICS
08A9,CWAV INC.
08AC,MACRAIGOR SYSTEMS LLC
08AE,MACALLY (MACE GROUP INC.)
08B0,METROHM
08B4,SORENSON VISION INC.
08B7,NATSU
08B8,J. GORDON ELECTRONIC DESIGN INC.
08B9,RADIOSHACK CORP. (TANDY)
08BB,TEXAS INSTRUMENTS
08BD,CITIZEN WATCH CO. LTD
08C3,PRECISE BIOMETRICS
08C4,PROXIM INC.
08C7,KEY NICE ENTERPRISE CO. LTD
08C8,2WIRE INC.
08C9,NIPPON TELEGRAPH AND TELEPHONE CORP.
08CA,AIPTEK INTERNATIONAL INC.
08CD,JUE HSUN IND. CORP.
08CE,LONG WELL ELECTRONICS CORP.
08CF,PRODUCTIVITY ENHANCEMENT PRODUCTS
08D1,SMARTBRIDGES INC.
08D3,VIRTUAL INK
08D4,FUJITSU SIEMENS COMPUTERS
08D8,IXXAT AUTOMATION GMBH
08D9,INCREMENT P CORP.
08DD,BILLIONTON SYSTEMS INC.
08DE,???
08DF,SPYRUS INC.
08E3,OLITEC INC.
08E4,PIONEER CORP.
08E5,LITRONIC
08E6,GEMALTO (WAS GEMPLUS)
08E7,PAN-INTERNATIONAL WIRE & CABLE
08E8,INTEGRATED MEMORY LOGIC
08E9,EXTENDED SYSTEMS INC.
08EA,ERICSSON INC. BLUE RIDGE LABS
08EC,M-SYSTEMS FLASH DISK PIONEERS
08ED,MEDIATEK INC.
08EE,CCSI/HESSO
08F0,COREX TECHNOLOGIES
08F1,CTI ELECTRONICS CORP.
08F2,GOTOP INFORMATION INC.
08F5,SYSTEC CO. LTD
08F6,LOGIC 3 INTERNATIONAL LTD
08F7,VERNIER
08F8,KEEN TOP INTERNATIONAL ENTERPRISE CO. LTD
08F9,WIPRO TECHNOLOGIES
08FA,CAERE
08FB,SOCKET COMMUNICATIONS
08FC,SICON CABLE TECHNOLOGY CO. LTD
08FD,DIGIANSWER A/S
08FF,AUTHENTEC INC.
0900,PINNACLE SYSTEMS INC.
0901,VST TECHNOLOGIES
0906,FARADAY TECHNOLOGY CORP.
0908,SIEMENS AG
0909,AUDIO-TECHNICA CORP.
090A,TRUMPION MICROELECTRONICS INC.
090B,NEUROSMITH
090C,SILICON MOTION INC. - TAIWAN (FORMERLY FEIYA TECHNOLOGY CORP.)
090D,MULTIPORT COMPUTER VERTRIEBS GMBH
090E,SHINING TECHNOLOGY INC.
090F,FUJITSU DEVICES INC.
0910,ALATION SYSTEMS INC.
0911,PHILIPS SPEECH PROCESSING
0912,VOQUETTE INC.
0915,GLOBESPAN INC.
0917,SMARTDISK CORP.
0919,TIGER ELECTRONICS
091E,GARMIN INTERNATIONAL
0920,ECHELON CO.
0921,GOHUBS INC.
0922,DYMO-COSTAR CORP.
0923,IC MEDIA CORP.
0924,XEROX
0925,LAKEVIEW RESEARCH
0927,SUMMUS LTD
0928,PLX TECHNOLOGY INC. (FORMERLY OXFORD SEMICONDUCTOR LTD)
0929,AMERICAN BIOMETRIC CO.
092A,TOSHIBA INFORMATION & INDUSTRIAL SYS. AND SERVICES
092B,SENA TECHNOLOGIES INC.
092F,NORTHERN EMBEDDED SCIENCE/CAVNEX
0930,TOSHIBA CORP.
0931,HARMONIC DATA SYSTEMS LTD
0932,CRESCENTEC CORP.
0933,QUANTUM CORP.
0934,SPIRENT COMMUNICATIONS
0936,NUTESLA
0939,LUMBERG INC.
093A,PIXART IMAGING INC.
093B,PLEXTOR CORP.
093C,INTREPID CONTROL SYSTEMS INC.
093D,INNOSYNC INC.
093E,J.S.T. MFG. CO. LTD
093F,OLYMPIA TELECOM VERTRIEBS GMBH
0940,JAPAN STORAGE BATTERY CO. LTD
0941,PHOTOBIT CORP.
0942,I2GO.COM LLC
0943,HCL TECHNOLOGIES INDIA PRIVATE LTD
0944,KORG INC.
0945,PASCO SCIENTIFIC
0948,KRONAUER MUSIC IN DIGITAL
094B,LINKUP SYSTEMS CORP.
094D,CABLE TELEVISION LABORATORIES
094F,YANO
0951,KINGSTON TECHNOLOGY
0954,RPM SYSTEMS CORP.
0955,NVIDIA CORP.
0956,BSQUARE CORP.
0957,AGILENT TECHNOLOGIES INC.
0958,COMPULINK RESEARCH INC.
0959,COLOGNE CHIP AG
095A,PORTSMITH
095B,MEDIALOGIC CORP.
095C,K-TEC ELECTRONICS
095D,POLYCOM INC.
0964,BITRAN
0967,ACER NEWEB CORP.
0968,CATALYST ENTERPRISES INC.
096E,FEITIAN TECHNOLOGIES INC.
0971,GRETAG-MACBETH AG
0973,SCHLUMBERGER
0974,DATAGRAPHIX A BUSINESS UNIT OF ANACOMP
0975,OL'E COMMUNICATIONS INC.
0976,ADIRONDACK WIRE & CABLE
0977,LIGHTSURF TECHNOLOGIES
0978,BECKHOFF GMBH
0979,JEILIN TECHNOLOGY CORP. LTD
097A,MINDS AT WORK LLC
097B,KNUDSEN ENGINEERING LTD
097C,MARUNIX CO. LTD
097D,ROSUN TECHNOLOGIES INC.
097E,BIOPAC SYSTEMS INC.
097F,BARUN ELECTRONICS CO. LTD
0981,OAK TECHNOLOGY LTD
0984,APRICORN
0985,CAB PRODUKTTECHNIK GMBH & CO KG
0986,MATSUSHITA ELECTRIC WORKS LTD.
098C,VITANA CORP.
098D,INDESIGN
098E,INTEGRATED INTELLECTUAL PROPERTY INC.
098F,KENWOOD TMI CORP.
0993,GEMSTAR EBOOK GROUP LTD
0996,INTEGRATED TELECOM EXPRESS INC.
099A,ZIPPY TECHNOLOGY CORP.
099E,TRIMBLE NAVIGATION LTD
09A3,PAIRGAIN TECHNOLOGIES
09A4,CONTECH RESEARCH INC.
09A5,VCON TELECOMMUNICATIONS
09A6,POINCHIPS
09A7,DATA TRANSMISSION NETWORK CORP.
09A8,LIN SHIUNG ENTERPRISE CO. LTD
09A9,SMART CARD TECHNOLOGIES CO. LTD
09AA,INTERSIL CORP.
09AB,JAPAN CASH MACHINE CO. LTD.
09AE,TRIPP LITE
09B0,FARGO
09B2,FRANKLIN ELECTRONIC PUBLISHERS INC.
09B3,ALTIUS SOLUTIONS INC.
09B4,MDS TELEPHONE SYSTEMS
09B5,CELLTRIX TECHNOLOGY CO. LTD
09BC,GRUNDIG
09BE,MYSMART.COM
09BF,AUERSWALD GMBH & CO. KG
09C0,GENPIX ELECTRONICS LLC
09C1,ARRIS INTERACTIVE LLC
09C2,NISCA CORP.
09C3,HID GLOBAL
09C4,ACTISYS CORP.
09C5,MEMORY CORP.
09CA,BMC MESSSYSTEME GMBH
09CB,FLIR SYSTEMS
09CC,WORKBIT CORP.
09CD,PSION DACOM HOME NETWORKS LTD
09CE,CITY ELECTRONICS LTD
09CF,ELECTRONICS TESTING CENTER TAIWAN
09D1,NEOMAGIC INC.
09D2,VREELIN ENGINEERING INC.
09D3,COM ONE
09D7,HEXAGON NOVATEL INC.
09D8,ELATEC GMBH
09D9,KRF TECH LTD
09DA,A4TECH CO. LTD.
09DB,MEASUREMENT COMPUTING CORP.
09DC,AIMEX CORP.
09DD,FELLOWES INC.
09DF,ADDONICS TECHNOLOGIES CORP.
09E1,INTELLON CORP.
09E5,JO-DAN INTERNATIONAL INC.
09E6,SILUTIA INC.
09E7,REAL 3D INC.
09E8,AKAI  PROFESSIONAL M.I. CORP.
09E9,CHEN-SOURCE INC.
09EB,IM NETWORKS INC.
09EF,XITEL
09F3,GOFLIGHT INC.
09F5,ARESCOM
09F6,ROCKETCHIPS INC.
09F7,EDU-SCIENCE (H.K.) LTD
09F8,SOFTCONNEX TECHNOLOGIES INC.
09F9,BAY ASSOCIATES
09FA,MTEK VISION
09FB,ALTERA
09FF,GAIN TECHNOLOGY CORP.
0A00,LIQUID AUDIO
0A01,VIA INC.
0A05,UNKNOWN MANUFACTURER
0A07,ONTRAK CONTROL SYSTEMS INC.
0A0B,CYBEX COMPUTER PRODUCTS CO.
0A0D,SERVERGY INC
0A11,XENTEC INC.
0A12,CAMBRIDGE SILICON RADIO LTD
0A13,TELEBYTE INC.
0A14,SPACELABS MEDICAL INC.
0A15,SCALAR CORP.
0A16,TREK TECHNOLOGY (S) PTE LTD
0A17,PENTAX CORP.
0A18,HEIDELBERGER DRUCKMASCHINEN AG
0A19,HUA GENG TECHNOLOGIES INC.
0A21,MEDTRONIC PHYSIO CONTROL CORP.
0A22,CENTURY SEMICONDUCTOR USA INC.
0A27,DATACARD GROUP
0A2C,AK-MODUL-BUS COMPUTER GMBH
0A34,TG3 ELECTRONICS INC.
0A35,RADIKAL TECHNOLOGIES
0A38,IRIS SA
0A39,GILAT SATELLITE NETWORKS LTD
0A3A,PENTAMEDIA CO. LTD
0A3C,NTT DOCOMO INC.
0A3D,VARO VISION
0A3F,SWISSONIC AG
0A43,BOCA SYSTEMS INC.
0A46,DAVICOM SEMICONDUCTOR INC.
0A47,HIROSE ELECTRIC
0A48,I/O INTERCONNECT
0A4A,PLOYTEC GMBH
0A4B,FUJITSU MEDIA DEVICES LTD
0A4C,COMPUTEX CO. LTD
0A4D,EVOLUTION ELECTRONICS LTD
0A4E,STEINBERG SOFT-UND HARDWARE GMBH
0A4F,LITTON SYSTEMS INC.
0A50,MIMAKI ENGINEERING CO. LTD
0A51,SONY ELECTRONICS INC.
0A52,JEBSEE ELECTRONICS CO. LTD
0A53,PORTABLE PERIPHERAL CO. LTD
0A5A,ELECTRONICS FOR IMAGING INC.
0A5B,EASICS NV
0A5C,BROADCOM CORP.
0A5D,DIATREND CORP.
0A5F,ZEBRA TECHNOLOGIES
0A62,MPMAN
0A66,CLEARCUBE TECHNOLOGY
0A67,MEDELI ELECTRONICS CO. LTD
0A68,COMAIDE CORP.
0A69,CHROMA ATE INC.
0A6B,GREEN HOUSE CO. LTD
0A6C,INTEGRATED CIRCUIT SYSTEMS INC.
0A6D,UPS MANUFACTURING
0A6E,BENWIN
0A6F,CORE TECHNOLOGY INC.
0A70,INTERNATIONAL GAME TECHNOLOGY
0A71,VIPCOLOR TECHNOLOGIES USA INC.
0A72,SANWA DENSHI
0A73,MACKIE DESIGNS
0A7D,NSTL INC.
0A7E,OCTAGON SYSTEMS CORP.
0A80,REXON TECHNOLOGY CORP. LTD
0A81,CHESEN ELECTRONICS CORP.
0A82,SYSCAN
0A83,NEXTCOMM INC.
0A84,MAUI INNOVATIVE PERIPHERALS
0A85,IDEXX LABS
0A86,NITGEN CO. LTD
0A89,AKTIV
0A8D,PICTURETEL
0A8E,JAPAN AVIATION ELECTRONICS INDUSTRY LTD
0A90,CANDY TECHNOLOGY CO. LTD
0A91,GLOBLINK TECHNOLOGY INC.
0A92,EGO SYSTEMS INC.
0A93,C TECHNOLOGIES AB
0A94,INTERSENSE
0AA3,LAVA COMPUTER MFG. INC.
0AA4,DEVELCO ELEKTRONIK
0AA5,FIRST INTERNATIONAL DIGITAL
0AA6,PERCEPTION DIGITAL LTD
0AA7,WINCOR NIXDORF INTERNATIONAL GMBH
0AA8,TRIGEM COMPUTER INC.
0AA9,BAROMTEC CO.
0AAA,JAPAN CBM CORP.
0AAB,VISION SHAPE EUROPE SA
0AAC,ICOMPRESSION INC.
0AAD,ROHDE & SCHWARZ GMBH & CO. KG
0AAE,NEC INFRONTIA CORP. (NITSUKO)
0AAF,DIGITALWAY CO. LTD
0AB0,ARROW STRONG ELECTRONICS CO. LTD
0AB1,FEIG ELECTRONIC GMBH
0ABA,ELLISYS
0ABE,STEREO-LINK
0ABF,DIOLAN
0AC3,SANYO SEMICONDUCTOR COMPANY MICRO
0AC4,LECO CORP.
0AC5,I & C CORP.
0AC6,SINGING ELECTRONS INC.
0AC7,PANWEST CORP.
0AC8,Z-STAR MICROELECTRONICS CORP.
0AC9,MICRO SOLUTIONS INC.
0ACA,OPEN NETWORKS LTD
0ACC,KOGA ELECTRONICS CO.
0ACD,ID TECH
0ACE,ZYDAS
0ACF,INTOTO INC.
0AD0,INTELLIX CORP.
0AD1,REMOTEC TECHNOLOGY LTD
0AD2,SERVICE & QUALITY TECHNOLOGY CO. LTD
0ADA,DATA ENCRYPTION SYSTEMS LTD.
0AE3,ALLION COMPUTER INC.
0AE4,TAITO CORP.
0AE7,NEODYM SYSTEMS INC.
0AE8,SYSTEM SUPPORT CO. LTD
0AE9,NORTH SHORE CIRCUIT DESIGN L.L.P.
0AEA,SCIESSENCE LLC
0AEB,TTP COMMUNICATIONS LTD
0AEC,NEODIO TECHNOLOGIES CORP.
0AF0,OPTION
0AF6,SILVER I CO. LTD
0AF7,B2C2 INC.
0AF9,HAMA INC.
0AFA,DMC CO. LTD.
0AFC,ZAPTRONIX LTD
0AFD,TATENO DENNOU INC.
0AFE,CUMMINS ENGINE CO.
0AFF,JUMP ZONE NETWORK PRODUCTS INC.
0B00,INGENICO
0B05,ASUSTEK COMPUTER INC.
0B0B,DATAMAX-O'NEIL
0B0C,TODOS AB
0B0D,PROJECTLAB
0B0E,GN NETCOM
0B0F,AVID TECHNOLOGY
0B10,PCALLY
0B11,I TECH SOLUTIONS CO. LTD
0B1E,ELECTRONIC WARFARE ASSOC. INC. (EWA)
0B1F,INSYDE SOFTWARE CORP.
0B20,TRANSDIMENSION INC.
0B21,YOKOGAWA ELECTRIC CORP.
0B22,JAPAN SYSTEM DEVELOPMENT CO. LTD
0B23,PAN-ASIA ELECTRONICS CO. LTD
0B24,LINK EVOLUTION CORP.
0B27,RITEK CORP.
0B28,KENWOOD CORP.
0B2C,VILLAGE CENTER INC.
0B30,PNY TECHNOLOGIES INC.
0B33,CONTOUR DESIGN INC.
0B37,HITACHI ULSI SYSTEMS CO. LTD
0B38,GEAR HEAD
0B39,OMNIDIRECTIONAL CONTROL TECHNOLOGY INC.
0B3A,IPAXESS
0B3B,TEKRAM TECHNOLOGY CO. LTD
0B3C,OLIVETTI TECHCENTER
0B3E,KIKUSUI ELECTRONICS CORP.
0B41,HAL CORP.
0B43,PLAY.COM INC.
0B47,SPORTBUG.COM INC.
0B48,TECHNOTREND AG
0B49,ASCII CORP.
0B4B,PINE CORP. LTD.
0B4D,GRAPHTEC AMERICA INC.
0B4E,MUSICAL ELECTRONICS LTD
0B50,DUMPRIES CO. LTD
0B51,COMFORT KEYBOARD CO.
0B52,COLORADO MICRODISPLAY INC.
0B54,SINBON ELECTRONICS CO. LTD
0B56,TYI SYSTEMS LTD
0B57,BEIJING HANWANGTECHNOLOGY CO. LTD
0B59,LAKE COMMUNICATIONS LTD
0B5A,COREL CORP.
0B5F,GREEN ELECTRONICS CO. LTD
0B60,NSINE LTD
0B61,NEC VIEWTECHNOLOGY LTD
0B62,ORANGE MICRO INC.
0B63,ADLINK TECHNOLOGY INC.
0B64,WONDERFUL WIRE CABLE CO. LTD
0B65,EXPERT MAGNETICS CORP.
0B66,CYBIKO INC.
0B67,FAIRBANKS SCALES
0B69,CACHEVISION
0B6A,MAXIM INTEGRATED PRODUCTS
0B6F,NAGANO JAPAN RADIO CO. LTD
0B70,PORTALPLAYER INC.
0B71,SHIN-EI SANGYO CO. LTD
0B72,EMBEDDED WIRELESS TECHNOLOGY CO. LTD
0B73,COMPUTONE CORP.
0B75,ROLAND DG CORP.
0B79,SUNRISE TELECOM INC.
0B7A,ZEEVO INC.
0B7B,TAIKO DENKI CO. LTD
0B7C,ITRAN COMMUNICATIONS LTD
0B7D,ASTRODESIGN INC.
0B81,ID3 TECHNOLOGIES
0B84,REXTRON TECHNOLOGY INC.
0B85,ELKAT ELECTRONICS SDN. BHD.
0B86,EXPUTER SYSTEMS INC.
0B87,PLUS-ONE I & T INC.
0B88,SIGMA KOKI CO. LTD TECHNOLOGY CENTER
0B89,ADVANCED DIGITAL BROADCAST LTD
0B8C,SMART TECHNOLOGIES INC.
0B95,ASIX ELECTRONICS CORP.
0B96,SEWON TELECOM
0B97,O2 MICRO INC.
0B98,PLAYMATES TOYS INC.
0B99,AUDIO INTERNATIONAL INC.
0B9B,DIPL.-ING. STEFAN KUNDE
0B9D,SOFTPROTEC CO.
0B9F,CHIPPO TECHNOLOGIES
0BAF,U.S. ROBOTICS
0BB0,CONCORD CAMERA CORP.
0BB1,INFINILINK CORP.
0BB2,AMBIT MICROSYSTEMS CORP.
0BB3,OFUJI TECHNOLOGY
0BB4,HTC (HIGH TECH COMPUTER CORP.)
0BB5,MURATA MANUFACTURING CO. LTD
0BB6,NETWORK ALCHEMY
0BB7,JOYTECH COMPUTER CO. LTD
0BB8,HITACHI SEMICONDUCTOR AND DEVICES SALES CO. LTD
0BB9,EIGER M&C CO. LTD
0BBA,ZACCESS SYSTEMS
0BBB,GENERAL METERS CORP.
0BBC,ASSISTIVE TECHNOLOGY INC.
0BBD,SYSTEM CONNECTION INC.
0BC0,KNILINK TECHNOLOGY INC.
0BC1,FUW YNG ELECTRONICS CO. LTD
0BC2,SEAGATE RSS LLC
0BC3,IPWIRELESS INC.
0BC4,MICROCUBE CORP.
0BC5,JCN CO. LTD
0BC6,EXWAY INC.
0BC7,X10 WIRELESS TECHNOLOGY INC.
0BC8,TELMAX COMMUNICATIONS
0BC9,ECI TELECOM LTD
0BCA,STARTEK ENGINEERING INC.
0BCB,PERFECT TECHNIC ENTERPRISE CO. LTD
0BD7,ANDREW PARGETER & ASSOCIATES
0BDA,REALTEK SEMICONDUCTOR CORP.
0BDB,ERICSSON BUSINESS MOBILE NETWORKS BV
0BDC,Y MEDIA CORP.
0BDD,ORANGE PCS
0BE2,KANDA TSUSHIN KOGYO CO. LTD
0BE3,TOYO CORP.
0BE4,ELKA INTERNATIONAL LTD
0BE5,DOME IMAGING SYSTEMS INC.
0BE6,DONG GUAN HUMEN WONDERFUL WIRE CABLE FACTORY
0BED,MEI
0BEE,LTK INDUSTRIES LTD
0BEF,WAY2CALL COMMUNICATIONS
0BF0,PACE MICRO TECHNOLOGY PLC
0BF1,INTRACOM S.A.
0BF2,KONEXX
0BF6,ADDONICS TECHNOLOGIES INC.
0BF7,SUNNY GIKEN INC.
0BF8,FUJITSU SIEMENS COMPUTERS
0BFB,GRASS VALLEY GROUP
0BFD,KVASER AB
0C00,FIREFLY MOUSE MAT
0C04,MOTO DEVELOPMENT GROUP INC.
0C05,APPIAN GRAPHICS
0C06,HASBRO GAMES INC.
0C07,INFINITE DATA STORAGE LTD
0C08,AGATE
0C09,COMJET INFORMATION SYSTEM
0C0A,HIGHPOINT TECHNOLOGIES INC.
0C0B,DURA MICRO INC. (ACOMDATA)
0C12,ZEROPLUS
0C15,IRIS GRAPHICS
0C16,GYRATION INC.
0C17,CYBERBOARD A/S
0C18,SYNERTEK KOREA INC.
0C19,CYBERPIXIE INC.
0C1A,SILICON MOTION INC.
0C1B,MIPS TECHNOLOGIES
0C1C,HANG ZHOU SILAN ELECTRONICS CO. LTD
0C1F,MAGICARD
0C22,TALLY PRINTER CORP.
0C23,LERNOUT + HAUSPIE
0C24,TAIYO YUDEN
0C25,SAMPO CORP.
0C26,PROLIFIC TECHNOLOGY INC.
0C27,RFIDEAS INC
0C2E,METROLOGIC INSTRUMENTS
0C30,MUTOH INDUSTRIES LTD
0C35,EAGLETRON INC.
0C36,E INK CORP.
0C37,E.DIGITAL
0C38,DER AN ELECTRIC WIRE & CABLE CO. LTD
0C39,IFR
0C3A,FURUI PRECISE COMPONENT (KUNSHAN) CO. LTD
0C3B,KOMATSU LTD
0C3C,RADIUS CO. LTD
0C3D,INNOCOM INC.
0C3E,NEXTCELL INC.
0C40,ELMCU
0C44,MOTOROLA IDEN
0C45,MICRODIA
0C46,WAVERIDER COMMUNICATIONS INC.
0C4A,ALGE-TIMING GMBH
0C4B,REINER SCT KARTENSYSTEME GMBH
0C4C,NEEDHAM'S ELECTRONICS
0C52,SEALEVEL SYSTEMS INC.
0C53,VIEWPLUS INC.
0C54,GLORY LTD
0C55,SPECTRUM DIGITAL INC.
0C56,BILLION BRIGHT LTD
0C57,IMAGINATIVE DESIGN OPERATION CO. LTD
0C58,VIDAR SYSTEMS CORP.
0C59,DONG GUAN SHINKO WIRE CO. LTD
0C5A,TRS INTERNATIONAL MFG. INC.
0C5E,XYTRONIX RESEARCH & DESIGN
0C60,APOGEE ELECTRONICS CORP.
0C62,CHANT SINCERE CO. LTD
0C63,TOKO INC.
0C64,SIGNALITY SYSTEM ENGINEERING CO. LTD
0C65,EMINENCE ENTERPRISE CO. LTD
0C66,REXON ELECTRONICS CORP.
0C67,CONCEPT TELECOM LTD
0C6A,ACS
0C6C,JETI TECHNISCHE INSTRUMENTE GMBH
0C70,MCT ELEKTRONIKLADEN
0C72,PEAK SYSTEM
0C74,OPTRONIC LABORATORIES INC.
0C76,JMTEK LLC.
0C77,SIPIX GROUP LTD
0C78,DETTO CORP.
0C79,NUCONNEX TECHNOLOGIES PTE. LTD
0C7A,WING-SPAN ENTERPRISE CO. LTD
0C86,NDA TECHNOLOGIES INC.
0C88,KYOCERA WIRELESS CORP.
0C89,HONDA TSUSHIN KOGYO CO. LTD
0C8A,PATHWAY CONNECTIVITY INC.
0C8B,WAVEFLY CORP.
0C8C,COACTIVE NETWORKS
0C8D,TEMPO
0C8E,CESSCOM CO. LTD
0C8F,APPLIED MICROSYSTEMS
0C94,CRYPTERA
0C98,BERKSHIRE PRODUCTS INC.
0C99,INNOCHIPS CO. LTD
0C9A,HANWOOL ROBOTICS CORP.
0C9B,JOBIN YVON INC.
0C9C,BRAND INNOVATORS BV
0C9D,SEMTEK
0CA2,ZYFER
0CA3,SEGA CORP.
0CA4,ST&T INSTRUMENT CORP.
0CA5,BAE SYSTEMS CANADA INC.
0CA6,CASTLES TECHNOLOGY CO. LTD
0CA7,INFORMATION SYSTEMS LABORATORIES
0CAA,ALLIED TELESIS KK.
0CAD,MOTOROLA CGISS
0CAE,ASCOM BUSINESS SYSTEMS LTD
0CAF,BUSLINK
0CB0,FLYING PIG SYSTEMS
0CB1,INNOVONICS INC.
0CB6,CELESTIX NETWORKS PTE. LTD
0CB7,SINGATRON ENTERPRISE CO. LTD
0CB8,OPTICIS CO. LTD
0CBA,TRUST ELECTRONIC (SHANGHAI) CO. LTD
0CBB,SHANGHAI DARONG ELECTRONICS CO. LTD
0CBC,PALMAX TECHNOLOGY CO. LTD
0CBD,PENTEL CO. LTD (ELECTRONICS EQUIPMENT DIV.)
0CBE,KERYX TECHNOLOGIES INC.
0CBF,UNION GENIUS COMPUTER CO. LTD
0CC0,KUON YI INDUSTRIAL CORP.
0CC1,GIVEN IMAGING LTD
0CC2,TIMEX CORP.
0CC3,RIMAGE CORP.
0CC4,EMSYS GMBH
0CC5,SENDO
0CC6,INTERMAGIC CORP.
0CC8,TECHNOTOOLS CORP.
0CC9,BROADMAX TECHNOLOGIES INC.
0CCA,AMPHENOL
0CCB,SKNET CO. LTD
0CCC,DOMEX TECHNOLOGY CORP.
0CCD,TERRATEC ELECTRONIC GMBH
0CD4,BANG OLUFSEN
0CD5,LABJACK CORPORATION
0CD6,SCHEIDT & BACHMANN
0CD7,NEWCHIP S.R.L.
0CD8,JS DIGITECH INC.
0CD9,HITACHI SHIN DIN CABLE LTD
0CDE,Z-COM
0CE5,VALIDATION TECHNOLOGIES INTERNATIONAL
0CE9,PICO TECHNOLOGY
0CF1,E-CONN ELECTRONIC CO. LTD
0CF2,ENE TECHNOLOGY INC.
0CF3,QUALCOMM ATHEROS COMMUNICATIONS
0CF4,FOMTEX CORP.
0CF5,CELLINK CO. LTD
0CF6,COMPUCABLE CORP.
0CF7,ISHONI NETWORKS
0CF8,CLARISYS INC.
0CF9,CENTRAL SYSTEM RESEARCH CO. LTD
0CFA,INVISO INC.
0CFC,MINOLTA-QMS INC.
0CFF,SAFA MEDIA CO. LTD.
0D06,TELOS EDV SYSTEMENTWICKLUNG GMBH
0D08,UTSTARCOM
0D0B,CONTEMPORARY CONTROLS
0D0C,ASTRON ELECTRONICS CO. LTD
0D0D,MKNET CORP.
0D0E,HYBRID NETWORKS INC.
0D0F,FENG SHIN CABLE CO. LTD
0D10,ELASTIC NETWORKS
0D11,MASPRO DENKOH CORP.
0D12,HANSOL ELECTRONICS INC.
0D13,BMF CORP.
0D14,ARRAY COMM INC.
0D15,ONSTREAM B.V.
0D16,HI-TOUCH IMAGING TECHNOLOGIES CO. LTD
0D17,NALTEC INC.
0D18,COAXMEDIA
0D19,HANK CONNECTION INDUSTRIAL CO. LTD
0D28,NXP
0D2F,ANDAMIRO
0D32,LEO HUI ELECTRIC WIRE & CABLE CO. LTD
0D33,AIRSPEAK INC.
0D34,REARDEN STEEL TECHNOLOGIES
0D35,DAH KUN CO. LTD
0D3A,POSIFLEX TECHNOLOGIES INC.
0D3C,SRI CABLE TECHNOLOGY LTD
0D3D,TANGTOP TECHNOLOGY CO. LTD
0D3E,FITCOM INC.
0D3F,MTS SYSTEMS CORP.
0D40,ASCOR INC.
0D41,TA YUN TERMINALS INDUSTRIAL CO. LTD
0D42,FULL DER CO. LTD
0D46,KOBIL SYSTEMS GMBH
0D48,PROMETHEAN LIMITED
0D49,MAXTOR
0D4A,NF CORP.
0D4B,GRAPE SYSTEMS INC.
0D4C,TEDAS AG
0D4D,COHERENT INC.
0D4E,AGERE SYSTEMS NETHERLAND BV
0D4F,EADS AIRBUS FRANCE
0D50,CLEWARE GMBH
0D51,VOLEX (ASIA) PTE. LTD
0D53,HMI CO. LTD
0D54,HOLON CORP.
0D55,ASKA TECHNOLOGIES INC.
0D56,AVLAB TECHNOLOGY INC.
0D57,SOLOMON MICROTECH LTD
0D59,TRC SIMULATORS B.V.
0D5C,SMC NETWORKS INC.
0D5E,MYACOM LTD
0D5F,CSI INC.
0D60,IVL TECHNOLOGIES LTD
0D61,MEILU ELECTRONICS (SHENZHEN) CO. LTD
0D62,DARFON ELECTRONICS CORP.
0D63,FRITZ GEGAUF AG
0D64,DXG TECHNOLOGY CORP.
0D65,KMJP CO. LTD
0D66,TMT
0D67,ADVANET INC.
0D68,SUPER LINK ELECTRONICS CO. LTD
0D69,NSI
0D6A,MEGAPOWER INTERNATIONAL CORP.
0D6B,AND-OR LOGIC
0D70,TRY COMPUTER CO. LTD
0D71,HIRAKAWA HEWTECH CORP.
0D72,WINMATE COMMUNICATION INC.
0D73,HIT'S COMMUNICATIONS INC.
0D76,MFP KOREA INC.
0D77,POWER SENTRY/NEWPOINT
0D78,JAPAN DISTRIBUTOR CORP.
0D7A,MARX DATENTECHNIK GMBH
0D7B,WELLCO TECHNOLOGY CO. LTD
0D7C,TAIWAN LINE TEK ELECTRONIC CO. LTD
0D7D,PHISON ELECTRONICS CORP.
0D7E,AMERICAN COMPUTER & DIGITAL COMPONENTS
0D7F,ESSENTIAL REALITY LLC
0D80,H.R. SILVINE ELECTRONICS INC.
0D81,TECHNOVISION
0D83,THINK OUTSIDE INC.
0D87,DOLBY LABORATORIES INC.
0D89,OZ SOFTWARE
0D8A,KING JIM CO. LTD
0D8B,ASCOM TELECOMMUNICATIONS LTD
0D8C,C-MEDIA ELECTRONICS INC.
0D8D,PROMOTION & DISPLAY TECHNOLOGY LTD
0D8E,GLOBAL SUN TECHNOLOGY INC.
0D8F,PITNEY BOWES
0D90,SURE-FIRE ELECTRICAL CORP.
0D96,SKANHEX TECHNOLOGY INC.
0D97,SANTA BARBARA INSTRUMENT GROUP
0D98,MARS SEMICONDUCTOR CORP.
0D99,TRAZER TECHNOLOGIES INC.
0D9A,RTX AS
0D9B,TAT SHING ELECTRICAL CO.
0D9C,CHEE CHEN HI-TECHNOLOGY CO. LTD
0D9D,SANWA SUPPLY INC.
0D9E,AVAYA
0D9F,POWERCOM CO. LTD
0DA0,DANGER RESEARCH
0DA1,SUZHOU PETER'S PRECISE INDUSTRIAL CO. LTD
0DA2,LAND INSTRUMENTS INTERNATIONAL LTD
0DA3,NIPPON ELECTRO-SENSORY DEVICES CORP.
0DA4,POLAR ELECTRO OY
0DA7,IOGEAR INC.
0DA8,SOFTDSP CO. LTD
0DAB,CUBIG GROUP
0DAD,WESTOVER SCIENTIFIC
0DB0,MICRO STAR INTERNATIONAL
0DB1,WEN TE ELECTRONICS CO. LTD
0DB2,SHIAN HWI PLUG PARTS PLASTIC FACTORY
0DB3,TEKRAM TECHNOLOGY CO. LTD
0DB4,CHUNG FU CHEN YEH ENTERPRISE CORP.
0DB5,ACCESS IS
0DB7,ELCON SYSTEMTECHNIK
0DBA,DIGIDESIGN
0DBC,A&D MEDICAL
0DBE,JIUH SHIUH PRECISION INDUSTRY CO. LTD
0DBF,JESS-LINK INTERNATIONAL
0DC0,G7 SOLUTIONS (FORMERLY GREAT NOTIONS)
0DC1,TAMAGAWA SEIKI CO. LTD
0DC3,ATHENA SMARTCARD SOLUTIONS INC.
0DC4,INXTRON INC.
0DC5,SDK CO. LTD
0DC6,PRECISION SQUARED TECHNOLOGY CORP.
0DC7,FIRST CABLE LINE INC.
0DCD,NETWORKFAB CORP.
0DD0,ACCESS SOLUTIONS
0DD1,CONTEK ELECTRONICS CO. LTD
0DD2,POWER QUOTIENT INTERNATIONAL CO. LTD
0DD3,MEDIAQ
0DD4,CUSTOM ENGINEERING SPA
0DD5,CALIFORNIA MICRO DEVICES
0DD7,KOCOM CO. LTD
0DD8,NETAC TECHNOLOGY CO. LTD
0DD9,HIGHSPEED SURFING
0DDA,INTEGRATED CIRCUIT SOLUTION INC.
0DDB,TAMARACK INC.
0DDD,DATELINK TECHNOLOGY CO. LTD
0DDE,UBICOM INC.
0DE0,BD CONSUMER HEALTHCARE
0DE7,USBMICRO
0DEA,UTECH ELECTRONIC (D.G.) CO. LTD.
0DED,NOVASONICS
0DEE,LIFETIME MEMORY PRODUCTS
0DEF,FULL RISE ELECTRONIC CO. LTD
0DF4,NET&SYS
0DF6,SITECOM EUROPE B.V.
0DF7,MOBILE ACTION TECHNOLOGY INC.
0DFA,TOYO COMMUNICATION EQUIPMENT CO. LTD
0DFC,GENERALTOUCH TECHNOLOGY CO. LTD
0E03,NIPPON SYSTEMWARE CO. LTD
0E08,WINBEST TECHNOLOGY CO. LTD
0E0B,AMIGO TECHNOLOGY INC.
0E0C,GESYTEC
0E0D,PICOQUANT GMBH
0E0F,VMWARE INC.
0E16,JMTEK LLC
0E17,WALEX ELECTRONIC LTD
0E1A,UNISYS
0E1B,CREWAVE
0E1E,GREEN HILLS SOFTWARE
0E20,PEGASUS TECHNOLOGIES LTD.
0E21,COWON SYSTEMS INC.
0E22,SYMBIAN LTD.
0E23,LIOU YUANE ENTERPRISE CO. LTD
0E25,VINCHIP SYSTEMS INC.
0E26,J-PHONE EAST CO. LTD
0E2E,BRADY WORLDWIDE INC.
0E30,HEARTMATH LLC
0E34,MICRO COMPUTER CONTROL CORP.
0E35,3PEA TECHNOLOGIES INC.
0E36,TIEPIE ENGINEERING
0E38,STRATITEC INC.
0E39,SMART MODULAR TECHNOLOGIES INC.
0E3A,NEOSTAR TECHNOLOGY CO. LTD
0E3B,MANSELLA LTD
0E41,LINE6 INC.
0E44,SUN-RISEFUL TECHNOLOGY CO. LTD.
0E48,JULIA CORP. LTD
0E4A,SHENZHEN BAO HING ELECTRIC WIRE & CABLE MFR. CO.
0E4C,RADICA GAMES LTD
0E50,TECHNODATA INTERWARE
0E55,SPEED DRAGON MULTIMEDIA LTD
0E56,KINGSTON TECHNOLOGY COMPANY INC.
0E5A,ACTIVE CO. LTD
0E5B,UNION POWER INFORMATION INDUSTRIAL CO. LTD
0E5C,BITLAND INFORMATION TECHNOLOGY CO. LTD
0E5D,NELTRON INDUSTRIAL CO. LTD
0E5E,CONWISE TECHNOLOGY CO. LTD.
0E66,HAWKING TECHNOLOGIES
0E67,FOSSIL INC.
0E6A,MEGAWIN TECHNOLOGY CO. LTD
0E6F,LOGIC3
0E70,TOKYO ELECTRONIC INDUSTRY CO. LTD
0E72,HSI-CHIN ELECTRONICS CO. LTD
0E75,TVS ELECTRONICS LTD
0E79,ARCHOS INC.
0E7B,ON-TECH INDUSTRY CO. LTD
0E7E,GMATE INC.
0E82,CHING TAI ELECTRIC WIRE & CABLE CO. LTD
0E83,SHIN AN WIRE & CABLE CO.
0E8C,WELL FORCE ELECTRONIC CO. LTD
0E8D,MEDIATEK INC.
0E8F,GREENASIA INC.
0E90,WIEBETECH LLC
0E91,VTECH ENGINEERING CANADA LTD
0E92,C'S GLORY ENTERPRISE CO. LTD
0E93,EM TECHNICS CO. LTD
0E95,FUTURE TECHNOLOGY CO. LTD
0E96,APLUX COMMUNICATIONS LTD
0E97,FINGERWORKS INC.
0E98,ADVANCED ANALOGIC TECHNOLOGIES INC.
0E99,PARALLEL DICE CO. LTD
0E9A,TA HSING INDUSTRIES LTD
0E9B,ADTEC CORP.
0E9C,STREAMZAP INC.
0E9F,TAMURA CORP.
0EA0,OURS TECHNOLOGY INC.
0EA6,NIHON COMPUTER CO. LTD
0EA7,MSL ENTERPRISES CORP.
0EA8,CENDYNE INC.
0EAD,HUMAX CO. LTD
0EB0,NOVATECH
0EB1,WIS TECHNOLOGIES INC.
0EB2,Y-S ELECTRONIC CO. LTD
0EB3,SAINT TECHNOLOGY CORP.
0EB7,ENDOR AG
0EB8,METTLER TOLEDO
0EBB,THERMO FISHER SCIENTIFIC
0EBE,VWEB CORP.
0EBF,OMEGA TECHNOLOGY OF TAIWAN INC.
0EC0,LHI TECHNOLOGY (CHINA) CO. LTD
0EC1,ABIT COMPUTER CORP.
0EC2,SWEETRAY INDUSTRIAL LTD
0EC3,AXELL CO. LTD
0EC4,BALLRACING DEVELOPMENTS LTD
0EC5,GT INFORMATION SYSTEM CO. LTD
0EC6,INNOVISION MULTIMEDIA LTD
0EC7,THETA LINK CORP.
0ECD,LITE-ON IT CORP.
0ECE,TAISOL ELECTRONICS CO. LTD
0ECF,PHOGENIX IMAGING LLC
0ED1,WINMAXGROUP
0ED2,KYOTO MICRO COMPUTER CO. LTD
0ED3,WING-TECH ENTERPRISE CO. LTD
0ED5,FIBERBYTE
0EDA,NORIAKE ITRON CORP.
0EDF,E-MDT CO. LTD
0EE0,SHIMA SEIKI MFG. LTD
0EE1,SAROTECH CO. LTD
0EE2,AMI SEMICONDUCTOR INC.
0EE3,COMTRUE TECHNOLOGY CORP.
0EE4,SUNRICH TECHNOLOGY LTD
0EEE,DIGITAL STREAM TECHNOLOGY INC.
0EEF,D-WAV SCIENTIFIC CO. LTD
0EF0,HITACHI CABLE LTD
0EF1,AICHI MICRO INTELLIGENT CORP.
0EF2,I/O MAGIC CORP.
0EF3,LYNN PRODUCTS INC.
0EF4,DSI DATOTECH
0EF5,POINTCHIPS
0EF6,YIELD MICROELECTRONICS CORP.
0EF7,SM TECH CO. LTD (TULIP)
0EFD,OASIS SEMICONDUCTOR
0EFE,WEM TECHNOLOGY INC.
0F03,UNITEK UPS SYSTEMS
0F06,VISUAL FRONTIER ENTERPRISE CO. LTD
0F08,CSL WIRE & PLUG (SHEN ZHEN) CO.
0F0C,CAS CORP.
0F0D,HORI CO. LTD
0F0E,ENERGY FULL CORP.
0F0F,SILEGO TECHNOLOGY INC
0F11,LD DIDACTIC GMBH
0F12,MARS ENGINEERING CORP.
0F13,ACETEK TECHNOLOGY CO. LTD
0F14,INGENICO
0F18,FINGER LAKES INSTRUMENTATION
0F19,ORACOM CO. LTD
0F1B,ONSET COMPUTER CORP.
0F1C,FUNAI ELECTRIC CO. LTD
0F1D,IWILL CORP.
0F21,IOI TECHNOLOGY CORP.
0F22,SENIOR INDUSTRIES INC.
0F23,LEADER TECH MANUFACTURER CO. LTD
0F24,FLEX-P INDUSTRIES SND. BHD.
0F2D,VIPOWER INC.
0F2E,GENIALITY MAPLE TECHNOLOGY CO. LTD
0F2F,PRIVA DESIGN SERVICES
0F30,JESS TECHNOLOGY CO. LTD
0F31,CHRYSALIS DEVELOPMENT
0F32,YFC-BONEAGLE ELECTRIC CO. LTD
0F37,KOKUYO CO. LTD
0F38,NIEN-YI INDUSTRIAL CORP.
0F39,TG3 ELECTRONICS
0F3D,AIRPRIME INCORPORATED
0F41,RDC SEMICONDUCTOR CO. LTD
0F42,NITAL CONSULTING SERVICES INC.
0F44,POLHEMUS
0F49,EVOLIS SA
0F4B,ST. JOHN TECHNOLOGY CO. LTD
0F4C,WORLDWIDE CABLE OPTO CORP.
0F4D,MICROTUNE INC.
0F4E,FREEDOM SCIENTIFIC
0F52,WING KEY ELECTRICAL CO. LTD
0F53,DONGGUAN WHITE HORSE CABLE FACTORY LTD
0F54,KAWAI MUSICAL INSTRUMENTS MFG. CO. LTD
0F55,AMBICOM INC.
0F5C,PRAIRIECOMM INC.
0F5D,NEWAGE INTERNATIONAL LLC
0F5F,KEY TECHNOLOGY CORP.
0F60,NTK LTD
0F61,VARIAN INC.
0F62,ACROX TECHNOLOGIES CO. LTD
0F63,LEAPFROG ENTERPRISES
0F68,KOBE STEEL LTD
0F69,DIONEX CORP.
0F6A,VIBREN TECHNOLOGIES INC.
0F6E,INTELLIGENT SYSTEMS
0F73,DFI
0F78,GUNTERMANN & DRUNCK GMBH
0F7C,DQ TECHNOLOGY INC.
0F7D,NETBOTZ INC.
0F7E,FLUKE CORP.
0F88,VTECH HOLDINGS LTD
0F8B,YAZAKI CORP.
0F8C,YOUNG GENERATION INTERNATIONAL CORP.
0F8D,UNIWILL COMPUTER CORP.
0F8E,KINGNET TECHNOLOGY CO. LTD
0F8F,SOMA NETWORKS
0F97,CVILUX CORP.
0F98,CYBERBANK CORP.
0F9C,HYUN WON INC.
0F9E,LUCENT TECHNOLOGIES
0FA3,STARCONN ELECTRONIC CO. LTD
0FA4,ATL TECHNOLOGY
0FA5,SOTEC CO. LTD
0FA7,EPOX COMPUTER CO. LTD
0FA8,LOGIC CONTROLS INC.
0FAF,WINPOINT ELECTRONIC CORP.
0FB0,HAURTIAN WIRE & CABLE CO. LTD
0FB1,INCLOSE DESIGN INC.
0FB2,JUAN-CHERN INDUSTRIAL CO. LTD
0FB6,HEBER LTD
0FB8,WISTRON CORP.
0FB9,AACOM CORP.
0FBA,SAN SHING ELECTRONICS CO. LTD
0FBB,BITWISE SYSTEMS INC.
0FC1,MITAC INTERNATINAL CORP.
0FC2,PLUG AND JACK INDUSTRIAL INC.
0FC5,DELCOM ENGINEERING
0FC6,DATAPLUS SUPPLIES INC.
0FCA,RESEARCH IN MOTION LTD.
0FCE,SONY ERICSSON MOBILE COMMUNICATIONS AB
0FCF,DYNASTREAM INNOVATIONS INC.
0FD0,TULIP COMPUTERS B.V.
0FD1,GIANT ELECTRONICS LTD.
0FD2,SEAC BANCHE
0FD4,TENOVIS GMBH & CO. KG
0FD5,DIRECT ACCESS TECHNOLOGY INC.
0FD9,ELGATO SYSTEMS GMBH
0FDA,QUANTEC NETWORKS GMBH
0FDC,MICRO PLUS
0FDE,OREGON SCIENTIFIC
0FE0,OSTERHOUT DESIGN GROUP
0FE2,AIR TECHNIQUES
0FE4,IN-TECH ELECTRONICS LTD
0FE5,GREENCONN (U.S.A.) INC.
0FE6,ICS ADVENT
0FE9,DVICO
0FEA,UNITED COMPUTER ACCESSORIES
0FEB,CRS ELECTRONIC CO. LTD
0FEC,UMC ELECTRONICS CO. LTD
0FED,ACCESS CO. LTD
0FEE,XSIDO CORP.
0FEF,MJ RESEARCH INC.
0FF6,CORE VALLEY CO. LTD
0FF7,CHI SHING COMPUTER ACCESSORIES CO. LTD
0FFC,CLAVIA DMI AB
0FFD,EARLYSENSE
0FFF,AOPEN INC.
1000,SPEED TECH CORP.
1001,RITRONICS COMPONENTS (S) PTE. LTD
1003,SIGMA CORP.
1004,LG ELECTRONICS INC.
1005,APACER TECHNOLOGY INC.
1006,IRIVER LTD.
1009,EMUZED INC.
100A,AV CHASEWAY LTD
100B,CHOU CHIN INDUSTRIAL CO. LTD
100D,NETOPIA INC.
1010,FUKUDA DENSHI CO. LTD
1011,MOBILE MEDIA TECH.
1012,SDKM FIBRES WIRES & CABLES BERHAD
1013,TST-TOUCHLESS SENSOR TECHNOLOGY AG
1014,DENSITRON TECHNOLOGIES PLC
1015,SOFTRONICS PTY. LTD
1016,XIAMEN HUNG'S ENTERPRISE CO. LTD
1017,SPEEDY INDUSTRIAL SUPPLIES PTE. LTD
1019,ELITEGROUP COMPUTER SYSTEMS (ECS)
1020,LABTEC
1022,SHINKO SHOJI CO. LTD
1025,HYPER-PALTEK
1026,NEWLY CORP.
1027,TIME DOMAIN
1028,INOVYS CORP.
1029,ATLANTIC COAST TELESYS
102A,RAMOS TECHNOLOGY CO. LTD
102B,INFOTRONIC AMERICA INC.
102C,ETOMS ELECTRONICS CORP.
102D,WINIC CORP.
1031,COMAX TECHNOLOGY INC.
1032,C-ONE TECHNOLOGY CORP.
1033,NUCAM CORP.
1038,STEELSERIES APS
1039,DEVOLO AG
103A,PSA
103D,STANTON
1043,ICREATE TECHNOLOGIES CORP.
1044,CHU YUEN ENTERPRISE CO. LTD
1046,WINBOND ELECTRONICS CORP. [HEX]
1048,TARGUS GROUP INTERNATIONAL
104B,MYLEX / BUSLOGIC
104C,AMCO TEC INTERNATIONAL INC.
104D,NEWPORT CORPORATION
104F,WB ELECTRONICS
1050,YUBICO.COM
1053,IMMANUEL ELECTRONICS CO. LTD
1054,BMS INTERNATIONAL BEHEER N.V.
1055,COMPLEX MICRO INTERCONNECTION CO. LTD
1056,HSIN CHEN ENT CO. LTD
1057,ON SEMICONDUCTOR
1058,WESTERN DIGITAL TECHNOLOGIES INC.
1059,GIESECKE & DEVRIENT GMBH
105B,FOXCONN INTERNATIONAL INC.
105C,HONG JI ELECTRIC WIRE & CABLE (DONGGUAN) CO. LTD
105D,DELKIN DEVICES INC.
105E,VALENCE SEMICONDUCTOR DESIGN LTD
105F,CHIN SHONG ENTERPRISE CO. LTD
1060,EASTHOME INDUSTRIAL CO. LTD
1063,MOTOROLA ELECTRONICS TAIWAN LTD [HEX]
1065,CCYU TECHNOLOGY
1068,MICROPI ELETTRONICA
106A,LOYAL LEGEND LTD
106C,CURITEL COMMUNICATIONS INC.
106D,SAN CHIEH MANUFACTURING LTD
106E,CONECTL
106F,MONEY CONTROLS
1076,GCT SEMICONDUCTOR INC.
107B,GATEWAY INC.
107D,ARLEC AUSTRALIA LTD
107E,MIDORIYA ELECTRIC CO. LTD
107F,KIDZMOUSE INC.
1082,SHIN-ETSUKAKEN CO. LTD
1083,CANON ELECTRONICS INC.
1084,PANTECH CO. LTD
108A,CHLORIDE POWER PROTECTION
108B,GRAND-TEK TECHNOLOGY CO. LTD
108C,ROBERT BOSCH GMBH
108E,LOTES CO. LTD.
1091,NUMERIK JENA
1099,SURFACE OPTICS CORP.
109A,DATASOFT SYSTEMS GMBH
109B,HISENSE
109F,ESOL CO. LTD
10A0,HIROTECH INC.
10A3,MITSUBISHI MATERIALS CORP.
10A9,SK TELETECH CO. LTD
10AA,CABLES TO GO
10AB,USI CO. LTD
10AC,HONEYWELL INC.
10AE,PRINCETON TECHNOLOGY CORP.
10AF,LIEBERT CORP.
10B5,COMODO (PLX?)
10B8,DIBCOM
10BB,TM TECHNOLOGY INC.
10BC,DINGING TECHNOLOGY CO. LTD
10BD,TMT TECHNOLOGY INC.
10BF,SMARTHOME
10C3,UNIVERSAL LASER SYSTEMS INC.
10C4,SILICON LABS
10C5,SANEI ELECTRIC INC.
10C6,INTEC INC.
10CB,ERATECH
10CC,GBM CONNECTOR CO. LTD
10CD,KYCON INC.
10CE,SILICON LABS
10CF,VELLEMAN COMPONENTS INC.
10D1,HOTTINGER BALDWIN MEASUREMENT
10D2,RAYCOMPOSER - R. ADAMS
10D4,MAN BOON MANUFACTORY LTD
10D5,UNI CLASS TECHNOLOGY CO. LTD
10D6,ACTIONS SEMICONDUCTOR CO. LTD
10DE,AUTHENEX INC.
10DF,IN-WIN DEVELOPMENT INC.
10E0,POST-OP VIDEO INC.
10E1,CABLEPLUS LTD
10E2,NADA ELECTRONICS LTD
10EC,VAST TECHNOLOGIES INC.
10F0,NEXIO CO. LTD
10F1,IMPORTEK
10F5,TURTLE BEACH
10F8,CESYS GMBH
10FB,PICTOS TECHNOLOGIES INC.
10FD,ANUBIS ELECTRONICS LTD
10FE,THRANE & THRANE
1100,VIRTOUCH LTD
1101,EASYPASS INDUSTRIAL CO. LTD
1108,BRIGHTCOM TECHNOLOGIES LTD
110A,MOXA TECHNOLOGIES CO. LTD.
1110,ANALOG DEVICES CANADA LTD (ALLIED TELESYN)
1111,PANDORA INTERNATIONAL LTD.
1112,YM ELECTRIC CO. LTD
1113,MEDION AG
111E,VSO ELECTRIC CO. LTD
112A,REDRAT
112E,MASTER HILL ELECTRIC WIRE AND CABLE CO. LTD
112F,CELLON INTERNATIONAL INC.
1130,TENX TECHNOLOGY INC.
1131,INTEGRATED SYSTEM SOLUTION CORP.
1132,TOSHIBA CORP. DIGITAL MEDIA EQUIPMENT [HEX]
1136,CTS ELECTRONINCS
113C,ARIN TECH CO. LTD
113D,MAPOWER ELECTRONICS CO. LTD
113F,INTEGRATED BIOMETRICS LLC
1141,V ONE MULTIMEDIA PTE. LTD
1142,CYBERSCAN TECHNOLOGIES INC.
1145,JAPAN RADIO COMPANY
1146,SHIMANE SANYO ELECTRIC CO. LTD.
1147,EVER GREAT ELECTRIC WIRE AND CABLE CO. LTD
114B,SPHAIRON ACCESS SYSTEMS GMBH
114C,TINIUS OLSEN TESTING MACHINE CO. INC.
114D,ALPHA IMAGING TECHNOLOGY CORP.
114F,WAVECOM
115B,SALIX TECHNOLOGY CO. LTD.
1162,SECUGEN CORP.
1163,DELORME PUBLISHING INC.
1164,YUAN HIGH-TECH DEVELOPMENT CO. LTD
1165,TELSON ELECTRONICS CO. LTD
1166,BANTAM INTERACTIVE TECHNOLOGIES
1167,SALIENT SYSTEMS CORP.
1168,BIZCONN INTERNATIONAL CORP.
116E,GIGASTORAGE CORP.
116F,SILICON 10 TECHNOLOGY CORP.
1175,SHENGYIH STEEL MOLD CO. LTD
117D,SANTA ELECTRONIC INC.
117E,JNC INC.
1182,VENTURE CORP. LTD
1183,COMPAQ COMPUTER CORP. [HEX] (DIGITAL DREAM ??)
1184,KYOCERA ELCO CORP.
1188,BLOOMBERG L.P.
1189,ACER COMMUNICATIONS & MULTIMEDIA
118F,YOU YANG TECHNOLOGY CO. LTD
1190,TRIPACE
1191,LOYALTY FOUNDER ENTERPRISE CO. LTD
1196,YANKEE ROBOTICS LLC
1197,TECHNOIMAGIA CO. LTD
1198,STARSHINE TECHNOLOGY CORP.
1199,SIERRA WIRELESS INC.
119A,ZHAN QI TECHNOLOGY CO. LTD
119B,RUWIDO AUSTRIA GMBH
11A0,CHIPCON AS
11A3,TECHNOVAS CO. LTD
11AA,GLOBALMEDIA GROUP LLC
11AB,EXITO ELECTRONICS CO. LTD
11AC,NIKE
11B0,ATECH FLASH TECHNOLOGY
11BE,R&D INTERNATIONAL NV
11C0,BETOP
11C5,INMAX
11C9,NACON
11CA,VERIFONE INC
11DB,TOPFIELD CO. LTD.
11E6,K.I. TECHNOLOGY CO. LTD.
11F5,SIEMENS AG
11F6,PROLIFIC
11F7,ALCATEL (?)
1203,TSC AUTO ID TECHNOLOGY CO. LTD
1209,GENERIC
120E,HUDSON SOFT CO. LTD
120F,MAGELLAN
1210,DIGITECH
121E,JUNGSOFT CO. LTD
121F,PANINI S.P.A.
1220,TC ELECTRONIC
1221,UNKNOWN MANUFACTURER
1222,TIPRO
1223,SKYCABLE ENTERPRISE. CO. LTD.
1228,DATAPAQ LIMITED
1230,CHIPIDEA-MICROELECTRONICA S.A.
1233,DENVER ELECTRONICS
1234,BRAIN ACTUATED TECHNOLOGIES
1235,FOCUSRITE-NOVATION
1241,BELKIN
1243,HOLTEK SEMICONDUCTOR INC.
124A,AIRVAST
124B,NYKO (HONEY BEE)
124C,MXI - MEMORY EXPERTS INTERNATIONAL INC.
125C,APOGEE INC.
125D,JMICRON
125F,A-DATA TECHNOLOGY CO. LTD.
1260,STANDARD MICROSYSTEMS CORP.
1264,COVIDIEN ENERGY-BASED DEVICES
1266,PIRELLI BROADBAND SOLUTIONS
1267,LOGIC3 / SPECTRAVIDEO PLC
126C,ARISTOCRAT TECHNOLOGIES
126D,BEL STEWART
126E,STROBE DATA INC.
126F,TWINMOS
1274,ENSONIQ
1275,XAXERO MARINE SOFTWARE ENGINEERING LTD.
1278,STARLIGHT XPRESS
1283,ZEBRIS MEDICAL GMBH
1286,MARVELL SEMICONDUCTOR INC.
1291,QUALCOMM FLARION TECHNOLOGIES INC. / LEADTEK RESEARCH INC.
1292,INNOMEDIA
1293,BELKIN COMPONENTS [HEX]
1294,RISO KAGAKU CORP.
1297,DEKTEC
129B,CYBERTAN TECHNOLOGY
12A7,TRENDCHIP TECHNOLOGIES CORP.
12AB,HONEY BEE ELECTRONIC INTERNATIONAL LTD.
12B8,ZHEJIANG XINYA ELECTRONIC TECHNOLOGY CO. LTD.
12B9,E28
12BA,LICENSED BY SONY COMPUTER ENTERTAINMENT AMERICA
12BD,GEMBIRD
12C4,AUTOCUE GROUP LTD
12CF,DEXIN
12D1,HUAWEI TECHNOLOGIES CO. LTD.
12D2,LINE TECH INDUSTRIAL CO. LTD.
12D3,LINAK
12D6,EMS DR. THOMAS WUENSCHE
12D7,BETTER WIRE FACTORY CO. LTD.
12D8,ARANEUS INFORMATION SYSTEMS OY
12E6,WALDORF MUSIC GMBH
12EF,TAPWAVE INC.
12F2,VIEWPLUS TECHNOLOGIES INC.
12F5,DYNAMIC SYSTEM ELECTRONICS CORP.
12F7,MEMOREX PRODUCTS INC.
12FD,AIN COMM. TECHNOLOGY CO. LTD
12FF,FASCINATING ELECTRONICS INC.
1306,FM20 BARCODE SCANNER
1307,TRANSCEND INFORMATION INC.
1308,SHUTTLE INC.
1310,ROPER
1312,ICS ELECTRONICS
1313,THORLABS
131D,NATURAL POINT
1325,AMS AG
132A,ENVARA INC.
132B,KONICA MINOLTA
133E,KEMPER DIGITAL GMBH
1342,MOBILITY
1343,CITIZEN SYSTEMS
1345,SINO LITE TECHNOLOGY CORP.
1347,MORAVIAN INSTRUMENTS
1348,KATSURAGAWA ELECTRIC CO. LTD.
134C,PANJIT INTERNATIONAL INC.
134E,DIGBY'S BITPILE INC. DBA D BIT
1357,P&E MICROCOMPUTER SYSTEMS
135E,INSTA GMBH
135F,CONTROL DEVELOPMENT INC.
1366,SEGGER
136B,STEC
136E,ANDOR TECHNOLOGY LTD.
1370,SWISSBIT
1371,CNET TECHNOLOGY INC.
1376,VIMTRON ELECTRONICS CO. LTD.
1377,SENNHEISER ELECTRONIC GMBH & CO. KG
137B,SCAPS GMBH
137C,YASKAWA ELECTRIC CORP.
1385,NETGEAR INC
138A,VALIDITY SENSORS INC.
138E,JUNGO LTD
1390,TOMTOM B.V.
1391,IDEALTEK INC.
1395,DSEA A/S
1397,BEHRINGER INTERNATIONAL GMBH
1398,Q-TEC
13AD,BALTECH
13B0,PERKINELMER OPTOELECTRONICS
13B1,LINKSYS
13B2,ALESIS
13B3,NIPPON DICS CO. LTD.
13BA,PCPLAY
13BE,RICOH PRINTING SYSTEMS LTD.
13CA,JYETAI PRECISION INDUSTRIAL CO. LTD.
13CF,WISAIR LTD.
13D0,TECHSAN ELECTRONICS CO. LTD.
13D1,A-MAX TECHNOLOGY MACAO COMMERCIAL OFFSHORE CO. LTD.
13D2,SHARK MULTIMEDIA
13D3,IMC NETWORKS
13D7,GUIDANCE SOFTWARE INC.
13DC,ALEREON INC.
13DD,I.TECH DYNAMIC LIMITED
13E1,KAIBO WIRE & CABLE (SHENZHEN) CO. LTD.
13E5,RANE
13E6,TECHNOSCOPE CO. LTD.
13EA,HENGSTLER
13EC,ZYDACRON
13EE,MOSART
13FD,INITIO CORPORATION
13FE,PHISON ELECTRONICS CORP.
1400,AXXION GROUP CORP.
1402,BOWE BELL & HOWELL
1403,SITRONIX
1404,FUNDAMENTAL SOFTWARE INC.
1409,IDS IMAGING DEVELOPMENT SYSTEMS GMBH
140E,TELECHIPS INC.
1410,NOVATEL WIRELESS
1415,NAM TAI E&E PRODUCTS LTD. OR OMNIVISION TECHNOLOGIES INC.
1419,ABILITY ENTERPRISE CO. LTD.
1421,SENSOR TECHNOLOGY
1424,POSNET POLSKA S.A.
1429,VEGA TECHNOLOGIES INDUSTRIAL (AUSTRIA) CO.
142A,THALES E-TRANSACTIONS
142B,ARBITER SYSTEMS INC.
1430,REDOCTANE
1431,PERTECH RESOURCES INC.
1435,WISTRON NEWEB
1436,DENALI SOFTWARE INC.
143C,ALTEK CORPORATION
1443,DIGILENT
1446,X.J.GROUP
1451,FORCE DIMENSION
1452,DAI NIPPON PRINTING INC
1453,RADIO SHACK
1456,EXTENDING WIRE & CABLE CO. LTD.
1457,FIRST INTERNATIONAL COMPUTER INC.
145F,TRUST
1460,TATUNG CO.
1461,STACCATO COMMUNICATIONS
1462,MICRO STAR INTERNATIONAL
146B,BIGBEN INTERACTIVE
1472,HUAWEI-3COM
147A,FORMOSA INDUSTRIAL COMPUTING INC.
147E,UPEK
147F,HAMA GMBH & CO. KG
1482,VAILLANT
1484,ELSA AG [HEX]
1485,SILICOM
1487,DSP GROUP LTD.
148E,EVATRONIX SA
148F,RALINK TECHNOLOGY CORP.
1491,FUTRONIC TECHNOLOGY CO. LTD.
1493,SUUNTO
1497,PANSTRONG COMPANY LTD.
1498,MICROTEK INTERNATIONAL INC.
149A,IMAGINATION TECHNOLOGIES
14AA,WIDEVIEW TECHNOLOGY INC.
14AD,CTK CORPORATION
14AE,PRINTRONIX INC.
14AF,ATP ELECTRONICS INC.
14B0,STARTECH.COM LTD.
14B2,RALINK TECHNOLOGY CORP.
14C0,ROCKWELL AUTOMATION INC.
14C2,GEMLIGHT COMPUTER LTD
14C8,ZYTRONIC
14CD,SUPER TOP
14D8,JAMER INDUSTRIES CO. LTD.
14DD,RARITAN COMPUTER INC.
14E0,WINRADIO COMMUNICATIONS
14E1,DIALOGUE TECHNOLOGY CORP.
14E5,SAIN INFORMATION & COMMUNICATIONS CO. LTD.
14EA,PLANEX COMMUNICATIONS
14ED,SHURE INC.
14F7,TECHNISAT DIGITAL GMBH
1500,ELLISYS
1501,PINE-TUM ENTERPRISE CO. LTD.
1504,BIXOLON CO LTD
1508,FIBOCOM
1509,FIRST INTERNATIONAL COMPUTER INC.
1513,MEDMOBILE
1514,ACTEL
1516,COMPUSA
1518,CHESHIRE ENGINEERING CORP.
1519,COMNEON
151F,OPAL KELLY INCORPORATED
1520,BITWIRE CORP.
1524,ENE TECHNOLOGY INC
1527,SILICON PORTALS
1529,UBIQUAM CO. LTD.
152A,THESYCON SYSTEMSOFTWARE & CONSULTING GMBH
152B,MIR SRL
152D,JMICRON TECHNOLOGY CORP. / JMICRON USA TECHNOLOGY CORP.
152E,LG (HLDS)
1532,RAZER USA LTD
153B,TERRATEC ELECTRONIC GMBH
1546,U-BLOX AG
1547,SG INTEC LTD & CO KG
154A,CELECTRONIC GMBH
154B,PNY
154D,CONNECTCOUNTY HOLDINGS BERHAD
154E,D&M HOLDINGS INC. (DENON/MARANTZ)
154F,SNBC CO. LTD
1554,PROLINK MICROSYSTEMS CORP.
1557,OQO
1568,SUNF PU TECHNOLOGY CO. LTD
156F,QUANTUM CORPORATION
1570,ALLTOP TECHNOLOGY CO. LTD.
157B,KETRON SRL
157E,TRENDNET
1582,FIBERLINE
1587,SMA TECHNOLOGIE AG
158D,OAKLEY INC.
158E,JDS UNIPHASE CORPORATION (JDSU)
1598,KUNSHAN GUOJI ELECTRONICS CO. LTD.
15A2,FREESCALE SEMICONDUCTOR INC.
15A4,AFATECH TECHNOLOGIES INC.
15A8,TEAMS POWER LIMITED
15A9,GEMTEK
15AA,GEARWAY ELECTRONICS (DONG GUAN) CO. LTD.
15AD,VMWARE INC.
15BA,OLIMEX LTD.
15C0,XL IMAGING
15C2,SOUNDGRAPH INC.
15C5,PRESSURE PROFILE SYSTEMS INC.
15C6,LABORATOIRES MXM
15C8,KTF TECHNOLOGIES
15C9,D-BOX TECHNOLOGIES
15CA,TEXTECH INTERNATIONAL LTD.
15D5,COULOMB ELECTRONICS LTD.
15D9,TRUST INTERNATIONAL B.V.
15DC,HYNIX SEMICONDUCTOR INC.
15E0,SEONG JI INDUSTRIAL CO. LTD.
15E1,RSA
15E4,NUMARK
15E8,SOHOWARE
15E9,PACIFIC DIGITAL CORP.
15EC,BELCARRA TECHNOLOGIES CORP.
15F4,HANFTEK
1604,TASCAM
1605,ACCES I/O PRODUCTS INC.
1606,UMAX
1608,INSIDE OUT NETWORKS [HEX]
160A,VIA TECHNOLOGIES INC.
160E,INRO
1614,AMOI ELECTRONICS
1617,SONY CORP.
1619,L & K PRECISION TECHNOLOGY CO. LTD.
161C,DIGITECH SYSTEMS
1621,WIONICS RESEARCH
1628,STONESTREET ONE INC.
162A,AIRGO NETWORKS INC.
162F,WIQUEST COMMUNICATIONS INC.
1630,2WIRE INC.
1631,GOOD WAY TECHNOLOGY
1633,AIM GMBH
1645,ENTREGA [HEX]
1649,SOFTEC MICROSYSTEMS
164A,CHIPX
164C,MATRIX VISION GMBH
1657,STRUCK INNOVATIVE SYSTEME GMBH
165B,FRONTIER DESIGN GROUP
165C,KONDO KAGAKU
1660,CREATIX POLYMEDIA GMBH
1667,GIGA-TMS INC.
1668,ACTIONTEC ELECTRONICS INC. [HEX]
1669,PIKRON LTD. [HEX]
166A,CLIPSAL
1677,CHINA HUADA INTEGRATED CIRCUIT DESIGN (GROUP) CO. LTD. (CIDC GROUP)
1679,TOTAL PHASE
167B,PURE DIGITAL TECHNOLOGIES INC.
1680,GOLDEN BRIDGE ELECTECH INC.
1681,PREVO TECHNOLOGIES INC.
1682,MAXWISE PRODUCTION ENTERPRISE LTD.
1684,GODSPEED COMPUTER CORP.
1685,DELOCK
1686,ZOOM CORPORATION
1687,KINGMAX DIGITAL INC.
1688,SAAB AB
1689,RAZER USA LTD
168C,ATHEROS COMMUNICATIONS
1690,ASKEY COMPUTER CORP. [HEX]
1696,HITACHI VIDEO AND INFORMATION SYSTEM INC.
1697,VTEC TEST INC.
16A5,SHENZHEN ZHENGERYA CABLE CO. LTD.
16A6,UNIGRAF
16AB,GLOBAL SUN TECHNOLOGY
16AC,DONGGUAN CHINGLUNG WIRE & CABLE CO. LTD.
16B4,ISTATION
16B5,PERSENTEC INC.
16C0,VAN OOIJEN TECHNISCHE INFORMATICA
16CA,WIRELESS CABLES INC.
16CC,SILEX TECHNOLOGY INC.
16D0,MCS
16D1,SUPREMA INC.
16D3,FRONTLINE TEST EQUIPMENT INC.
16D5,ANYDATA CORPORATION
16D6,JABLOCOM S.R.O.
16D8,CMOTECH CO. LTD.
16DC,WIENER PLEIN & BAUS
16DE,TELEMECANIQUE
16DF,KING BILLION ELECTRONICS CO. LTD.
16F0,GN HEARING A/S
16F5,FUTURELOGIC INC.
1702,FDI-MATELEC
1706,BLUEVIEW TECHNOLOGIES INC.
1707,ARTIMI
170B,SWISSONIC
170D,AVNERA
1711,LEICA MICROSYSTEMS
1724,MEYER INSTRUMENTS (MIS)
1725,VITESSE SEMICONDUCTOR
1726,AXESSTEL INC.
172F,WALTOP INTERNATIONAL CORP.
1733,CELLINK TECHNOLOGY CO. LTD
1736,CANON IMAGING SYSTEM TECHNOLOGIES INC.
1737,802.11G ADAPTER [LINKSYS WUSB54GC V3]
173A,ROCHE
173D,QSENN
1740,SENAO
1743,GENERAL ATOMICS
1748,MQP ELECTRONICS
174C,ASMEDIA TECHNOLOGY INC.
174F,SYNTEK
1753,GERTEC TELECOMUNICACOES LTDA.
1756,ENENSYS TECHNOLOGIES
1759,LUCIDPORT TECHNOLOGY INC.
1761,ASUSTEK COMPUTER INC. (WRONG ID)
1770,MSI
1772,SYSTEM LEVEL SOLUTIONS INC.
1776,AROWANA
1777,MICROSCAN SYSTEMS INC.
177F,SWEEX
1781,MULTIPLE VENDORS
1782,SPREADTRUM COMMUNICATIONS INC.
1784,TOPSEED TECHNOLOGY CORP.
1787,ATI AIB
1788,SHENZHEN LITKCONN TECHNOLOGY CO. LTD.
178E,ASUSTEK COMPUTER INC. (WRONG ID)
1796,PRINTREX INC.
1797,JALCO CO. LTD.
1799,THALES NORWAY A/S
179D,RICAVISION INTERNATIONAL INC.
17A0,SAMSON TECHNOLOGIES CORP.
17A4,CONCEPT2
17A5,ADVANCED CONNECTION TECHNOLOGY INC.
17A7,MICOMSOFT CO. LTD.
17A8,KAMSTRUP A/S
17B3,GREY INNOVATION
17B5,LUNATONE
17BA,SAURIS GMBH
17C3,SINGIM INTERNATIONAL CORP.
17CC,NATIVE INSTRUMENTS
17CF,HIP HING CABLE & PLUG MFY. LTD.
17D0,SANFORD L.P.
17D3,KOREA TECHTRON CO. LTD.
17E9,DISPLAYLINK
17EB,CORNICE INC.
17EF,LENOVO
17F4,WAVESENSE
17F5,K.K. ROCKY
17F6,UNICOMP INC.
1809,ADVANTECH
1822,TWINHAN
1831,GWO JINN INDUSTRIES CO. LTD.
1832,HUIZHOU SHENGHUA INDUSTRIAL CO. LTD.
183D,VIVOPHONE
1843,VAISALA
1849,ASROCK INCORPORATION
184F,K2L GMBH
1852,GYROCOM C&C CO. LTD
1854,MEMORY DEVICES LTD.
185B,COMPRO
1861,TECH TECHNOLOGY INDUSTRIAL COMPANY
1862,TERIDIAN SEMICONDUCTOR CORP.
1870,NEXIO CO. LTD
1871,AVEO TECHNOLOGY CORP.
1873,NAVILOCK
187C,ALIENWARE CORPORATION
187F,SIANO MOBILE SILICON
1892,VAST TECHNOLOGIES INC.
1894,TOPSEED
1897,EVERTOP WIRE CABLE CO.
189F,3SHAPE A/S
18A4,CSSN
18A5,VERBATIM LTD
18B1,PETALYNX
18B4,E3C TECHNOLOGIES
18B6,MIKKON TECHNOLOGY LIMITED
18B7,ZOTEK ELECTRONIC CO. LTD.
18C5,AMIT TECHNOLOGY INC.
18CD,ECAMM
18D1,GOOGLE INC.
18D5,STARLINE INTERNATIONAL GROUP LIMITED
18D9,KABA
18DC,LKC TECHNOLOGIES INC.
18DD,PLANON SYSTEM SOLUTIONS INC.
18E3,FITIPOWER INTEGRATED TECHNOLOGY INC
18E8,QCOM
18EA,MATROX GRAPHICS INC.
18EC,ARKMICRO TECHNOLOGIES INC.
18EF,ELV ELEKTRONIK AG
18F8,[MAXXTER]
18FB,SCRIPTEL CORPORATION
18FD,FINEARCH INC.
1901,GE HEALTHCARE
1908,GEMBIRD
190D,MOTOROLA GSG
1914,ALCO DIGITAL DEVICES LIMITED
1915,NORDIC SEMICONDUCTOR ASA
191C,INNOVATIVE TECHNOLOGY LTD
1923,FITLINXX
1926,NEXTWINDOW
1928,PROCEQ SA
192F,AVAGO TECHNOLOGIES PTE.
1930,SHENZHEN XIANHE TECHNOLOGY CO. LTD.
1931,NINGBO BROAD TELECOMMUNICATION CO. LTD.
1934,FEATURE INTEGRATION TECHNOLOGY INC. (FINTEK)
1935,ELEKTRON MUSIC MACHINES
1938,MEINBERG FUNKUHREN GMBH & CO. KG
1941,DREAM LINK
1943,SENSORAY CO. INC.
1949,LAB126 INC.
194F,PRESONUS AUDIO ELECTRONICS INC.
1951,HYPERSTONE AG
1953,IRONKEY INC.
1954,RADIIENT TECHNOLOGIES
195D,ITRON TECHNOLOGY IONE
1963,IK MULTIMEDIA
1965,UNIDEN CORPORATION
1967,CASIO HITACHI MOBILE COMMUNICATIONS CO. LTD.
196B,WISPRO TECHNOLOGY INC.
1970,DANE-ELEC CORP. USA
1973,SPECTRALINK CORPORATION
1975,DONGGUAN GUNEETAL WIRE & CABLE CO. LTD.
1976,CHIPSBRAND MICROELECTRONICS (HK) CO. LTD.
1977,T-LOGIC
197D,LEUZE ELECTRONIC
1980,STORAGE APPLIANCE CORPORATION
1989,NUCONN TECHNOLOGY CORP.
198F,BECEEM COMMUNICATIONS INC.
1990,ACRON PRECISION INDUSTRIAL CO. LTD.
1995,TRILLIUM TECHNOLOGY PTY. LTD.
1996,PIXELINK
1997,SHENZHEN RIITEK TECHNOLOGY CO. LTD
199B,MICROSTRAIN INC.
199E,THE IMAGING SOURCE EUROPE GMBH
199F,BENICA CORPORATION
19A5,HARRIS CORP.
19A8,BIFORST TECHNOLOGY INC.
19AB,BODELIN
19AF,S LIFE
19B2,BATRONIX
19B4,CELESTRON
19B5,B & W GROUP
19B6,INFOTECH LOGISTIC LLC
19B9,DATA ROBOTICS
19C2,FUTUBA
19CA,MINDTRIBE
19CF,PARROT SA
19D1,BYD
19D2,ZTE WCDMA TECHNOLOGIES MSM
19DB,KFI PRINTERS
19E1,WEIDUAN ELECTRONIC ACCESSORY (S.Z.) CO. LTD.
19E8,INDUSTRIAL TECHNOLOGY RESEARCH INSTITUTE
19EF,PAK HENG TECHNOLOGY (SHENZHEN) CO. LTD.
19F7,RODE MICROPHONES
19FA,GAMPAQ CO.LTD
19FD,MTI INSTRUMENTS INC.
19FF,DYNEX
1A08,BELLWOOD INTERNATIONAL INC.
1A0A,USB-IF NON-WORKSHOP
1A12,KES CO. LTD.
1A1D,VEHO
1A25,AMPHENOL EAST ASIA LTD.
1A2A,SEAGATE BRANDED SOLUTIONS
1A2C,CHINA RESOURCE SEMICO CO. LTD
1A32,QUANTA MICROSYSTEMS INC.
1A34,ACRUX
1A36,BIWIN TECHNOLOGY LTD.
1A40,TERMINUS TECHNOLOGY INC.
1A41,ACTION ELECTRONICS CO. LTD.
1A44,VASCO DATA SECURITY INTERNATIONAL
1A4A,SILICON IMAGE
1A4B,SAFEBOOT INTERNATIONAL B.V.
1A5A,TANDBERG DATA
1A61,ABBOTT DIABETES CARE
1A64,MASTERVOLT
1A6A,SPANSION INC.
1A6D,SAMYOUNG ELECTRONICS CO. LTD
1A6E,GLOBAL UNICHIP CORP.
1A6F,SAGEM ORGA GMBH
1A72,PHYSIK INSTRUMENTE
1A79,BAYER HEALTH CARE LLC
1A7B,LUMBERG CONNECT  GMBH & CO. KG
1A7C,EVOLUENT
1A7E,MELTEC SYSTEMENTWICKLUNG
1A81,HOLTEK SEMICONDUCTOR INC.
1A86,QINHENG ELECTRONICS
1A89,DYNALITH SYSTEMS CO. LTD.
1A8B,SGS TAIWAN LTD.
1A8D,BANDRICH INC.
1A98,LEICA CAMERA AG
1AA4,DATA DRIVE THRU INC.
1AA5,UBEACON TECHNOLOGIES INC.
1AA6,EFORTUNE TECHNOLOGY CORP.
1AAB,SILVERCREATIONS SOFTWARE AG
1AAD,KEETOUCH
1AB1,RIGOL TECHNOLOGIES
1AB2,ALLIED VISION
1ACB,SALCOMP PLC
1ACC,MIDIPLUS CO LTD.
1AD1,DESAY WIRE CO. LTD.
1AD4,APS
1ADB,SCHWEITZER ENGINEERING LABORATORIES INC
1AE4,IC-DESIGN REINHARD GOTTINGER GMBH
1AE7,X-TENSIONS
1AED,HIGH TOP PRECISION ELECTRONIC CO. LTD.
1AEF,CONNTECH ELECTRONIC (SUZHOU) CORPORATION
1AF1,CONNECT ONE LTD.
1AF3,KINGSIS TECHNOLOGY CORPORATION
1AFE,A. EBERLE GMBH & CO. KG
1B04,MEILHAUS ELECTRONIC GMBH
1B0E,BLUTRONICS S.R.L.
1B12,EVENTIDE
1B1C,CORSAIR
1B1E,GENERAL IMAGING / GENERAL ELECTRIC
1B1F,EQ-3 ENTWICKLUNG GMBH
1B20,MSTAR SEMICONDUCTOR INC.
1B22,WILINX CORP.
1B24,TELEGENT SYSTEMS INC.
1B26,CELLEX POWER PRODUCTS INC.
1B27,CURRENT ELECTRONICS INC.
1B28,NAVISIS INC.
1B32,UGOBE LIFE FORMS INC.
1B36,VIXS SYSTEMS INC.
1B3B,IPASSION TECHNOLOGY INC.
1B3F,GENERALPLUS TECHNOLOGY INC.
1B47,ENERGIZER HOLDINGS INC.
1B48,PLASTRON PRECISION CO. LTD.
1B52,ARH INC.
1B59,K.S. TERMINALS INC.
1B5A,CHAO ZHOU KAI YUAN ELECTRIC CO. LTD.
1B65,THE HONG KONG STANDARDS AND TESTING CENTRE LTD.
1B71,FUSHICAI
1B72,ATERGI TECHNOLOGY CO. LTD.
1B73,FRESCO LOGIC
1B75,OVISLINK CORP.
1B76,LEGEND SILICON CORP.
1B80,AFATECH
1B86,DONGGUAN GUANSHANG ELECTRONICS CO. LTD.
1B88,SHENMING ELECTRON (DONG GUAN) CO. LTD.
1B8C,ALTIUM LIMITED
1B8D,E-MOVE TECHNOLOGY CO. LTD.
1B8E,AMLOGIC INC.
1B8F,MA LABS INC.
1B96,N-TRIG
1B98,YMAX COMMUNICATIONS CORP.
1B99,SHENZHEN YUANCHUAN ELECTRONIC
1BA1,JINQ CHERN ENTERPRISE CO. LTD.
1BA2,LITE METALS & PLASTIC (SHENZHEN) CO. LTD.
1BA4,EMBER CORPORATION
1BA6,ABILIS SYSTEMS
1BA8,CHINA TELECOMMUNICATION TECHNOLOGY LABS
1BAD,HARMONIX MUSIC
1BAE,VUZIX CORPORATION
1BBB,T & A MOBILE PHONES
1BBD,VIDEOLOGY IMAGING SOLUTIONS INC.
1BC0,BEIJING SENSESHIELD TECHNOLOGY CO.LTD.
1BC4,FORD MOTOR CO.
1BC5,AVIXE TECHNOLOGY (CHINA) LTD.
1BC7,TELIT WIRELESS SOLUTIONS
1BCE,CONTAC CABLE INDUSTRIAL LIMITED
1BCF,SUNPLUS INNOVATION TECHNOLOGY INC.
1BD0,HANGZHOU RIYUE ELECTRONIC CO. LTD.
1BD5,BG SYSTEMS INC.
1BDA,UNIVERSITY OF SOUTHAMPTON
1BDE,P-TWO INDUSTRIES INC.
1BEF,SHENZHEN TONGYUAN NETWORK-COMMUNICATION CABLES CO. LTD
1BF0,REALVISION INC.
1BF5,EXTRANET SYSTEMS INC.
1BF6,ORIENT SEMICONDUCTOR ELECTRONICS LTD.
1BFD,TOUCHPACK
1C02,KRETON CORPORATION
1C04,QNAP SYSTEM INC.
1C05,SHENXHEN STAGER ELECTRIC
1C0C,IONICS EMS INC.
1C0D,RELM WIRELESS
1C10,LANTERRA INDUSTRIAL CO. LTD.
1C11,INPUT CLUB INC.
1C13,ALECTRONIC LIMITED
1C1A,DATEL ELECTRONICS LTD.
1C1B,VOLKSWAGEN OF AMERICA INC.
1C1F,GOLDVISH S.A.
1C20,FUJI ELECTRIC DEVICE TECHNOLOGY CO. LTD.
1C21,ADDMM LLC
1C22,ZHONGSHAN CHIANG YU ELECTRIC CO. LTD.
1C26,SHANGHAI HAIYING ELECTRONICS CO. LTD.
1C27,HUIYANG D & S CABLE CO. LTD.
1C28,PMD TECHNOLOGIES
1C29,ELSTER GMBH
1C31,LS CABLE LTD.
1C34,SPRINGCARD
1C37,AUTHORIZER TECHNOLOGIES INC.
1C3D,NONIN MEDICAL INC.
1C3E,WEP PERIPHERALS
1C40,EZPROTOTYPES
1C49,CHERNG WEEI TECHNOLOGY CORP.
1C4B,GERATHERM MEDICAL AG
1C4F,SIGMA MICRO
1C57,ZALMAN TECH CO. LTD.
1C6B,PHILIPS & LITE-ON DIGITAL SOLUTIONS CORPORATION
1C6C,SKYDIGITAL INC.
1C71,HUMANWARE INC
1C73,AMT
1C75,ARTURIA
1C77,KAETAT INDUSTRIAL CO. LTD.
1C78,DATASCOPE CORP.
1C79,UNIGEN CORPORATION
1C7A,LIGHTUNING TECHNOLOGY INC.
1C7B,LUXSHARE PRECISION INDUSTRY (SHENZHEN) CO. LTD.
1C82,ATRACSYS
1C83,SCHOMAECKER GMBH
1C87,2N TELEKOMUNIKACE A.S.
1C88,SOMAGIC INC.
1C89,HONGKONG WEIDIDA ELECTRON LIMITED
1C8E,ASTRON INTERNATIONAL CORP.
1C98,ALPINE ELECTRONICS INC.
1C9E,OMEGA TECHNOLOGY
1CA0,ACCARIO INC.
1CA1,SYMWAVE
1CAC,KINSTONE
1CB3,ACES ELECTRONIC CO. LTD.
1CB4,OPEX CORPORATION
1CB6,IDEACOM TECHNOLOGY INC.
1CBE,LUMINARY MICRO INC.
1CBF,FORTAT SKYMARK INDUSTRIAL COMPANY
1CC0,PLANTSENSE
1CCA,NEXTWAVE BROADBAND INC.
1CCD,BODATONG TECHNOLOGY (SHENZHEN) CO. LTD.
1CD4,ADP CORPORATION
1CD5,FIRECOMMS LTD.
1CD6,ANTONIO PRECISE PRODUCTS MANUFACTORY LTD.
1CDE,TELECOMMUNICATIONS TECHNOLOGY ASSOCIATION (TTA)
1CDF,WONTEN TECHNOLOGY CO. LTD.
1CE0,EDIMAX TECHNOLOGY CO. LTD.
1CE1,AMPHENOL KAE
1CF1,DRESDEN ELEKTRONIK
1CFC,ANDES TECHNOLOGY CORPORATION
1CFD,FLEXTRONICS DIGITAL DESIGN JAPAN LTD.
1D03,ICON
1D07,SOLID-MOTION
1D08,NINGBO HENTEK DRAGON ELECTRONICS CO. LTD.
1D09,TECHFAITH WIRELESS TECHNOLOGY LIMITED
1D0A,JOHNSON CONTROLS INC. THE AUTOMOTIVE BUSINESS UNIT
1D0B,HAN HUA CABLE & WIRE TECHNOLOGY (J.X.) CO. LTD.
1D0D,TDKMEDIA
1D0F,SONIX TECHNOLOGY CO. LTD.
1D14,ALPHA-SAT TECHNOLOGY LIMITED
1D17,C-THRU MUSIC LTD.
1D19,DEXATEK TECHNOLOGY LTD.
1D1F,DIOSTECH CO. LTD.
1D20,SAMTACK INC.
1D27,ASUS
1D34,DREAM CHEEKY
1D45,TOUCH
1D4D,PEGATRON CORPORATION
1D50,OPENMOKO INC.
1D57,XENTA
1D5B,SMARTRONIX INC.
1D5C,FRESCO LOGIC
1D6B,LINUX FOUNDATION
1D88,MAHR GMBH
1D90,CITIZEN
1D9D,SIGMA SPORT
1DD2,LEO BODNAR ELECTRONICS LTD
1DD3,DAJC INC.
1DE1,ACTIONS MICROELECTRONICS CO.
1DE6,MICRORISC S.R.O.
1DF7,SDRPLAY
1E0E,QUALCOMM / OPTION
1E10,POINT GREY RESEARCH INC.
1E17,MIRION TECHNOLOGIES DOSIMETRY SERVICES DIVISION
1E1D,KANGURU SOLUTIONS
1E1F,INVIA
1E29,FESTO AG & CO. KG
1E2D,GEMALTO M2M GMBH
1E3D,CHIPSBANK MICROELECTRONICS CO. LTD
1E41,CLEVERSCOPE
1E44,SHIMANO INC.
1E4E,CUBETERNET
1E54,TYPEMATRIX
1E68,TREKSTOR GMBH & CO. KG
1E71,NZXT
1E74,COBY ELECTRONICS CORPORATION
1E7B,ZURICH INSTRUMENTS
1E7D,ROCCAT
1E8E,AIRBUS DEFENCE AND SPACE
1E91,OTHER WORLD COMPUTING
1EA7,SHARKOON TECHNOLOGIES GMBH
1EAB,FUJIAN NEWLAND COMPUTER CO. LTD
1EAF,LEAFLABS
1EB8,MODACOM CO. LTD.
1EBB,NUCORE TECHNOLOGY INC.
1ECB,AMTELECOM
1ED8,FENDER MUSICAL INSTRUMENTS CORPORATION
1EDA,AIRTIES WIRELESS NETWORKS
1EDB,BLACKMAGIC DESIGN
1EE8,ONDA COMMUNICATION S.P.A.
1EF6,EADS DEUTSCHLAND GMBH
1F0C,CMX SYSTEMS
1F28,CAL-COMP
1F3A,ALLWINNER TECHNOLOGY
1F44,THE NEAT COMPANY
1F48,H-TRONIC GMBH
1F4D,G-TEK ELECTRONICS GROUP
1F52,SYSTEMS & ELECTRONIC DEVELOPMENT FZCO (SEDCO)
1F6F,ALIPH
1F75,INNOSTOR TECHNOLOGY CORPORATION
1F82,TANDBERG
1F84,ALERE INC.
1F87,STANTUM
1F9B,UBIQUITI NETWORKS INC.
1FAB,SAMSUNG OPTO-ELECTRONCS CO. LTD.
1FAC,FRANKLIN WIRELESS
1FAE,LUMIDIGM
1FB2,WITHINGS
1FBA,DERMALOG IDENTIFICATION SYSTEMS GMBH
1FBD,DELPHIN TECHNOLOGY AG
1FC9,NXP SEMICONDUCTORS
1FDE,ILX LIGHTWAVE CORPORATION
1FE7,VERTEX WIRELESS CO. LTD.
1FF7,CVT ELECTRONICS.CO.LTD
1FFB,POLOLU CORPORATION
1FFF,IDEOFY INC.
2000,CMX SYSTEMS
2001,D-LINK CORP.
2002,DAP TECHNOLOGIES
2003,DETECTOMAT
2006,LENOVOMOBILE
2009,ISTORAGE
200C,RELOOP
2013,PCTV SYSTEMS
2018,DEUTSCHE TELEKOM AG
2019,PLANEX
201E,HAIER
203A,PARALLELS
203D,ENCORE ELECTRONICS INC.
2040,HAUPPAUGE
2047,TEXAS INSTRUMENTS
2058,NANO RIVER TECHNOLOGY
2077,TAICANG T&W ELECTRONICS CO. LTD
2080,BARNES & NOBLE
2086,SIMPASS
2087,CANDO
20A0,CLAY LOGIC
20B1,XMOS LTD
20B3,HANVON
20B7,QI HARDWARE
20BC,SHENZHEN SHANWAN TECHNOLOGY CO. LTD.
20CE,MINICIRCUITS
20DF,SIMTEC ELECTRONICS
20F0,L3HARRIS TECHNOLOGIES
20F1,NET NEW ELECTRONIC TECHNOLOGY GMBH
20F4,TRENDNET
20F7,XIMEA
2100,RT SYSTEMS
2101,ACTIONSTAR
2104,TOBII TECHNOLOGY AB
2107,RDING TECH CO.LTD
2109,VIA LABS INC.
2113,SOFTKINETIC
2116,KT TECH
211F,CELOT CORPORATION
2123,CHEEKY DREAM
2125,FIBERPRO INC.
2133,SIGNOTEC GMBH
2149,ADVANCED SILICON S.A.
214B,HUASHENG ELECTRONICS
214E,SWIFTPOINT
2162,BROADXENT (CREATIVE LABS)
2166,JVC KENWOOD
2184,GW INSTEK
2188,NO BRAND
219C,SEAL ONE AG
21A1,EMOTIV SYSTEMS PTY. LTD.
21A4,ELECTRONIC ARTS INC.
21A9,SALEAE INC.
21AB,PLANETA INFORMATICA
21B4,AUDIOQUEST
21D6,AGECODAGIS SARL
2207,FUZHOU ROCKCHIP ELECTRONICS COMPANY
221A,ZTEX GMBH
2222,MACALLY
2226,COPPER MOUNTAIN TECHNOLOGIES
2227,SAMWOO ENTERPRISE
222A,ILI TECHNOLOGY CORP.
2230,PLUGABLE
2232,SILICON MOTION
2233,RADIOSHACK CORPORATION
2237,KOBO INC.
2245,ASPEED TECHNOLOGY INC.
224F,APDM
2256,FADERFOX
225D,MORPHO
226E,DISPLAX
228D,8D TECHNOLOGIES INC.
22A4,VERZO TECHNOLOGY
22A6,PIE DIGITAL INC.
22A7,FORTINET TECHNOLOGIES
22B1,SECRET LABS LLC
22B8,MOTOROLA PCS
22B9,ETURBOTOUCH TECHNOLOGY INC.
22BA,TECHNOLOGY INNOVATION HOLDINGS LTD
22C9,STEPOVER GMBH
22CD,KINOVA ROBOTICS INC.
22D4,LAVIEW TECHNOLOGY
22D9,OPPO ELECTRONICS CORP.
22DB,PHASE ONE
22DC,MELLANOX TECHNOLOGIES
22DE,WETELECOM INCORPORATED
22DF,MEDICOM MTD LTD
22E0,SECUNET SECURITY NETWORKS AG
22E8,CAMBRIDGE AUDIO
2304,PINNACLE SYSTEMS INC.
2309,TIMELINK TECHNOLOGY CO. LTD
230D,TERACOM
2314,INQ MOBILE
2318,SHINING TECHNOLOGIES INC. [HEX]
2319,TRONSMART
232B,PANTUM LTD.
232E,EA ELEKTRO-AUTOMATIK GMBH & CO. KG
2340,TELEEPOCH
2341,ARDUINO SA
2349,P2 ENGINEERING GROUP LLC
234B,FREE SOFTWARE INITIATIVE OF JAPAN
2357,TP-LINK
2366,BITMANUFAKTUR GMBH
2367,TEENAGE ENGINEERING
2368,PETERSON ELECTRO-MUSICAL PRODUCTS INC.
236A,SIBEAM
2373,PUMATRONIX LTDA
2375,DIGIT@LWAY INC.
2378,ONLIVE
237D,CRADLEPOINT
2386,RAYDIUM CORPORATION
238B,HYTERA COMMUNICATIONS
239A,ADAFRUIT
23A0,BIFIT
23A6,TRONICAL COMPONENTS GMBH
23B4,DENTAL WINGS INC.
23C7,GEMINI
23FC,SESKION GMBH
2405,CUSTOM COMPUTER SERVICES INC
2406,SANHO DIGITAL ELECTRONICS CO. LTD.
2420,IRIVER
242E,VOSSLOH-SCHWABE DEUTSCHLAND GMBH
2433,ASETEK
2443,AESSENT TECHNOLOGY LTD
2457,OCEAN OPTICS INC.
2458,BLUEGIGA TECHNOLOGIES
245F,CHORD ELECTRONICS LIMITED
2464,NEST
2466,FRACTAL AUDIO SYSTEMS
2476,YEI TECHNOLOGY
2478,TRIPP-LITE
248A,MAXXTER
249C,M2TECH S.R.L.
24A4,PRIMARE AB
24AE,SHENZHEN RAPOO TECHNOLOGY CO. LTD.
24C0,CHANEY INSTRUMENT
24C6,THRUSTMASTER INC.
24CF,LYTRO INC.
24DC,ALADDIN R.D.
24E0,YOCTOPUCE SARL
24E1,PARATRONIC
24E3,K-TOUCH
24EA,MEVA
24ED,ZEN GROUP
24F0,METADOT
24FF,ACRONAME INC.
2500,ETTUS RESEARCH LLC
2516,COOLER MASTER CO. LTD.
2520,ANA-U GMBH
2527,SOFTWARE BISQUE
2537,NORELSYS
2544,ENERGY MICRO AS
2546,RAVENSBURGER
2548,PULSE-EIGHT
254E,SHF COMMUNICATION TECHNOLOGIES AG
2554,ASSA ABLOY AB
2555,BASIS SCIENCE INC.
255E,BEIJING BONXEON TECHNOLOGY CO. LTD.
2560,E-CON SYSTEMS
2563,SHENZHEN SHANWAN TECHNOLOGY CO. LTD.
256B,PERREAUX INDUSTRIES LTD
256F,3DCONNEXION
2573,ESI AUDIOTECHNIK GMBH
2574,AVER INFORMATION INC.
2575,WEIDA HI-TECH CO. LTD.
2576,AFO CO. LTD.
2578,PLUSCOM
2581,PLUG-UP
258D,SEQUANS COMMUNICATIONS
259A,TRIQUINT SEMICONDUCTOR
25A7,ARESON TECHNOLOGY CORP
25B5,FLATFROG
25BB,BRUNNER ELEKTRONIK AG
25BF,ELEGANT INVENTION
25C4,ARCAM
25C6,VITUS AUDIO (AVA GROUP A/S)
25C8,VISUAL PLANET LTD
25DA,NETATMO
25DD,BIT4ID SRL
25E3,LUMIGON
25F0,SHANWAN
25FB,PENTAX RICOH IMAGING CO. LTD
2604,TENDA
2625,MILDEF AB
2626,ARUBA NETWORKS
262A,SAVITECH CORP.
2632,TWINMOS
2639,XSENS
264A,THERMALTAKE
2650,ELECTRONICS FOR IMAGING INC. [HEX]
2659,SUNDTEK
2662,MOOG MUSIC INC.
266E,SILICON INTEGRATED SYSTEMS
2672,GOPRO
2676,BASLER AG
2685,CARDO PERIPHERAL SYSTEMS LTD
2687,FITBIT INC.
2689,STEPOVER INTERNATIONAL GMBH
268B,DIMENSION ENGINEERING
26A9,RESEARCH INDUSTRIAL SYSTEMS ENGINEERING
26AA,YAESU MUSEN
26B5,ELECTROCOMPANIET
26BD,INTEGRAL MEMORY
26E2,INGENIEURBUERO DIETZSCH UND THIELE PARTG
26F2,MICROMEGA
2707,BARDAC CORPORATION
270D,ROSAND TECHNOLOGIES
2717,XIAOMI INC.
272A,STARLEAF LTD.
272C,SIGNUM SYSTEMS
2730,CITIZEN
2735,DIGITALWAY
273F,HUGHSKI LIMITED
2756,VICTOR HASSELBLAD AB
2759,PHILIP MORRIS PRODUCTS S.A.
2765,FIRSTBEAT TECHNOLOGIES LTD.
2766,LIFESCAN
2770,NHJ LTD
27A8,SQUARE INC.
27B8,THINGM
27BD,CODETHINK LTD.
27C0,CADWELL LABORATORIES INC.
27C6,SHENZHEN GOODIX TECHNOLOGY CO.LTD.
27D4,BLACKSTAR AMPLIFICATION LIMITED
27DD,MINDEO
27F2,SOFTNAUTICS LLP
2803,STARLINE LLC.
2806,SIMPASS
2817,SIGNAL HOUND INC.
2818,CODEX DIGITAL LIMITED
2821,ASUSTEK COMPUTER INC.
2822,REFLEXDIGITAL
2833,OCULUS VR INC.
2836,OUYA
286B,STANEO SAS
2886,SEEED TECHNOLOGY CO. LTD.
2890,TEKNIC INC
2899,TOPTRONIC INDUSTRIAL CO. LTD
289B,DRACAL/RAPHNET TECHNOLOGIES
289D,SEEK THERMAL INC.
28BD,XP-PEN
28C7,ULTIMAKER B.V.
28D4,DEVIALET
28DE,VALVE SOFTWARE
28E0,PT. PRASIMAX INOVASI TEKNOLOGI
28E9,GDMICROELECTRONICS
28F3,CLOVER NETWORK INC.
28F9,PROFITAP HQ BV
290C,R. HAMILTON & CO. LTD.
2912,AUDIOENGINE
2916,YOTA DEVICES
2931,JOLLA OY
2939,ZABER TECHNOLOGIES INC.
2957,OBSIDIAN RESEARCH CORPORATION
2961,MISELU
296B,XACTI CORPORATION
2972,FIIO ELECTRONICS TECHNOLOGY
298D,NEXT BIOMETRICS
29BD,SILICON WORKS
29C1,TAZTAG
29C2,LEWITT GMBH
29C3,NOVIGA
29E2,HUATUNE TECHNOLOGY (SHANGHAI) CO. LTD.
29E7,BRUNEL UNIVERSITY
29E8,4LINKS LIMITED
29EA,KINESIS CORPORATION
29F1,CANAAN CREATIVE CO. LTD
2A03,DOG HUNTER AG
2A0E,SHENZHEN DREAMSOURCE TECHNOLOGY CO. LTD.
2A13,GRABBA INTERNATIONAL
2A19,NUMATO SYSTEMS PVT. LTD
2A1D,OXFORD NANOPORE TECHNOLOGIES PLC
2A37,RTD EMBEDDED TECHNOLOGIES INC.
2A39,RME
2A3C,TRINAMIC MOTION CONTROL GMBH & CO KG
2A45,MEIZU CORP.
2A47,MUNDO READER S.L.
2A4B,EMULEX CORPORATION
2A62,FLYMASTER AVIONICS
2A6E,BARE CONDUCTIVE
2A70,ONEPLUS TECHNOLOGY (SHENZHEN) CO. LTD.
2A88,DFU TECHNOLOGY LTD
2A8D,KEYSIGHT TECHNOLOGIES INC.
2AB6,T+A ELEKTROAKUSTIK GMBH & CO KG GERMANY
2AC7,ULTRAHAPTICS LTD.
2AD1,PICOTRONIC GMBH
2AE5,FAIRPHONE B.V.
2AEC,AMBIQ MICRO INC.
2AF4,ROLI LTD.
2B03,STEREOLABS
2B0E,LEECO
2B23,RED HAT INC.
2B24,KEEPKEY LLC
2B3E,NEWAE TECHNOLOGY INC.
2B4C,ZUK
2BC5,ORBBEC 3D TECHNOLOGY INTERNATIONAL INC
2BCC,INOTEC GMBH ORGANISATIONSSYSTEME
2BD6,COROWARE INC.
2BD8,ROPEX INDUSTRIE-ELEKTRONIK GMBH
2C02,PLANEX COMMUNICATIONS
2C1A,DOLPHIN PERIPHERALS
2C23,SUPERMICRO COMPUTER INCORPORATED
2C4E,MERCUCYS INC
2C4F,CANON ELECTRONIC BUSINESS MACHINES CO. LTD.
2C55,MAGIC LEAP INC.
2C7C,QUECTEL WIRELESS SOLUTIONS CO. LTD.
2C97,LEDGER
2C99,PRUSA
2C9C,VAYYAR IMAGING LTD.
2C9D,NOD INC
2CA3,DJI TECHNOLOGY CO. LTD.
2CB7,FIBOCOM
2CC0,HANGZHOU ZERO ZERO INFINITY TECHNOLOGY CO. LTD.
2CC2,LAUTSPRECHER TEUFEL GMBH
2CCF,HYPERSECU
2CD9,CAMBRIONIX LTD
2CDC,SEA & SUN TECHNOLOGY GMBH
2CE5,INX8 INC [AKITIO]
2CF0,NUAND LLC
2D1F,WACOM TAIWAN INFORMATION CO. LTD.
2D25,KRONEGGER GMBH.
2D2D,PROXMARK.ORG
2D37,ZHUHAI POSKEY TECHNOLOGY CO.LTD
2D6B,NETUP INC.
2D81,EVOLLVE INC.
2D84,ZHUHAI POSKEY TECHNOLOGY CO.LTD
2DC8,8BITDO
2DCF,DIALOG SEMICONDUCTOR
2DEF,KIRALE TECHNOLOGIES
2DF2,LIPS CORPORATION
2E04,HMD GLOBAL
2E0E,HATTELAND DISPLAY AS
2E24,HYPERKIN
2E3B,USENS INC.
2E57,MEGWARE COMPUTER VERTRIEB UND SERVICE GMBH
2E69,SWIFT NAVIGATION
2E95,SCUF GAMING
2ECC,ASR MICROELECTRONICS
2F76,KEYXENTIC INC.
2FAD,DEFINIUM TECHNOLOGIES
2FB0,INFOCRYPT
2FB2,FUJITSU LTD
2FC0,SENSIDYNE LP
2FC6,COMTRUE INC.
2FE0,XAPTUM INC.
2FE3,NORDICSEMICONDUCTOR
2FE7,ELGIN S.A.
2FEB,BEIJING VEIKK E-COMMERCE CO. LTD.
2FF4,QUIXANT PLC
3016,BOUNDARY DEVICES LLC
3036,CONTROL ID
3037,BEIJING CHUSHIFENGMANG TECHNOLOGY DEVELOPMENT CO.LTD.
3057,KINGSIS CORPORATION
308F,INPUT CLUB
30A4,BLUES WIRELESS
30C2,UNPARALLEL INNOVATION LDA
30C9,LUXVISIONS INNOTECH LIMITED
30EE,FUJITSU CONNECTED TECHNOLOGIES LIMITED
30F2,VAREX IMAGING
3111,HIPERSCAN GMBH
3112,METECA SA
3125,EAGLETRON
3136,NAVINI NETWORKS
3145,SAFELOGIC INC.
3147,TANVAS INC.
316C,SIGMASENSE LLC
316D,PURISM SPC
316E,SPECINFOSYSTEMS
3171,8086 CONSULTANCY
3176,WHANAM ELECTRONICS CO. LTD
3195,LINK INSTRUMENTS
3197,KATUSHA
31C9,BEIJING LANXUM COMPUTER TECHNOLOGY CO. LTD.
3200,ALCATEL-LUCENT ENTERPRISE
3219,SMAK TECNOLOGIA E AUTOMACAO LTDA
321C,PREMIO INC.
324C,CUPRIS LTD.
326D,AGILE DISPLAY SOLUTIONS CO. LTD
3275,VIDZMEDIA PTE LTD
3293,UNHUMAN INC.
32B3,TEXA
3310,MUDITA SP. Z O.O.
3333,INLINE
3334,AEI
3340,YAKUMO
3344,LEAGUER MICROELECTRONICS (LME)
3384,SYSTEM76
348F,ISY
3504,MICRO STAR
3538,POWER QUOTIENT INTERNATIONAL CO. LTD
3579,DIVA
357D,SHARKOON
3636,INVIBRO
3752,ARCULUS HOLDINGS LLC
3767,FANATEC
3838,WEM
3923,NATIONAL INSTRUMENTS CORP.
40BB,I-O DATA
4101,I-ROCKS
4102,IRIVER LTD.
413C,DELL COMPUTER CORP.
4146,USBEST TECHNOLOGY
4168,TARGUS
4242,USB DESIGN BY EXAMPLE
4255,GOPRO
4317,BROADCOM CORP.
4348,WINCHIPHEAD
4572,SHUTTLE INC.
4586,PANRAM
4670,EMS PRODUCTION
46F4,QEMU
4752,MIDITECH
4757,GW INSTEK
4766,ACEECA
4855,MEMOREX
4971,SIMPLETECH
4D46,MUSICAL FIDELITY
5032,GRANDTEC
50C2,AVERATEC (?)
5131,MSR
5173,SWEEX
5219,I-TETRA
5332,CLEARLY SUPERIOR TECHNOLOGIES INC.
5345,OWON
534C,SATOSHILABS
534D,MACROSILICON
5354,MEYER INSTRUMENTS (MIS)
544D,TRANSMETA CORP.
5543,UC-LOGIC TECHNOLOGY CORP.
5555,EPIPHAN SYSTEMS INC.
55AA,ONSPEC ELECTRONIC INC.
5654,GOTVIEW
5656,UNI-TREND GROUP LIMITED
595A,IRTOUCHSYSTEMS CO. LTD.
5986,BISON ELECTRONICS INC.
59E3,NONOLITH LABS
5A57,ZINWELL
6000,BEHOLDER INTERNATIONAL LTD.
601A,INGENIC SEMICONDUCTOR LTD.
6022,XEKTEK
6189,SITECOM
6244,LIGHTINGSOFT AG
6253,TWINHAN TECHNOLOGY CO. LTD
636C,CORELOGIC INC.
6472,SONY CORP.
6547,ARKMICRO TECHNOLOGIES INC.
6557,EMTEC
6615,IRTOUCHSYSTEMS CO. LTD.
6666,PROTOTYPE PRODUCT VENDOR ID
6677,WISEGROUP LTD.
675D,HUMANSCALE
6891,3COM
695C,OPERA1
6993,YEALINK NETWORK TECHNOLOGY CO. LTD.
6A75,SHANGHAI JUJO ELECTRONICS CO. LTD
7104,CME (CENTRAL MUSIC CO.)
726C,STACKFOUNDRY LLC
7302,SOLINFTEC
734C,TBS TECHNOLOGIES CHINA
7373,BEIJING STONE TECHNOLOGY CO. LTD.
7392,EDIMAX TECHNOLOGY CO. LTD
73D8,PROGENY DENTAL EQUIPMENT SPECIALISTS
7669,VENABLE INSTRUMENTS
7825,OTHER WORLD COMPUTING
8070,ACCES I/O PRODUCTS INC.
8086,INTEL CORP.
8087,INTEL CORP.
80EE,VIRTUALBOX
8282,KEIO
8301,HAPURS
8341,EGO SYSTEMS INC.
8564,TRANSCEND INFORMATION INC.
8644,INTENSO GMBG
8E06,CH PRODUCTS INC.
8EA3,DOOSL
9016,SITECOM
9022,TEVII TECHNOLOGY LTD.
9148,GEOLAB LTD
9516,STUDIOLOGIC
9710,MOSCHIP SEMICONDUCTOR
9849,BESTMEDIA CD RECORDABLE GMBH & CO. KG
9886,ASTRO GAMING
9999,ODEON
99FA,GRANDTEC
9AC4,J. WESTHUES
9E88,MARVELL SEMICONDUCTOR INC.
A014,INSIGNIA (BEST BUY)
A108,INGENIC SEMICONDUCTOR CO.LTD
A128,ANMO ELECTRONICS CORP. / DINO-LITE (?)
A168,ANMO ELECTRONICS CORPORATION
A466,HAIKOU XINGONG ELECTRONICS CO.LTD
A600,ASIX S.R.O.
A727,3COM
A88A,CLAS OHLSSON
AAAA,MXT
AB12,APLIC
ABCD,LOGILINK
B58E,BLUE MICROPHONES
BA77,CLOCKMAKER
C216,CARD DEVICE EXPERT CO. LTD
C251,KEIL SOFTWARE INC.
C502,AGPTEK
CACE,CACE TECHNOLOGIES INC.
CD12,SMART TECHNOLOGY INDUSTRIAL LTD.
D208,ULTIMARC
D209,ULTIMARC
D904,LOGILINK
E2B7,JIE LI
E4E4,XORCOM LTD.
EB03,MAKINGTHINGS
EB1A,EMPIA TECHNOLOGY INC.
EB2A,KWORLD
EF18,SMART TECHNOLOGY INDUSTRIAL LTD.
F003,HEWLETT PACKARD
F007,TESLONG
F182,LEAP MOTION
F3F0,CCT INC
F4EC,ATTEN ELECTRONICS / SIGLENT TECHNOLOGIES
F4ED,SHENZHEN SIGLENT CO. LTD.
F766,HAMA
FA11,DYINGLIGHT
FC08,CONRAD ELECTRONIC SE
FF00,POWER DELIVERY
FFEE,FNK TECH
BIAS,0  NOT APPLICABLE
BIAS,1  RIGHT HAND
BIAS,2  LEFT HAND
BIAS,3  BOTH HANDS
BIAS,4  EITHER HAND
